SampleID,gDNAID,SampleType,SampleCategory,amplicon,lidID,Run,animalID,species,state,site,new_sampleID,ENA_accession_no
Tick_Tk15_18Skineto_JCTYR_AGGCAGAA-AAGGCTAT,Tk_15,Sample,Tick,18Skinet,15,JCTYR,ANT008,Brown antechinus,NSW,Warriewood Wetlands,18SKinet_Tk_15_JCTYR_AGGCAGAA-AAGGCTAT,ERS6634163
Tick_Tk17_18Skineto_JCTYR_TCCTGAGC-AAGGCTAT,Tk_17,Sample,Tick,18Skinet,17,JCTYR,ANT009,Brown antechinus,NSW,Warriewood Wetlands,18SKinet_Tk_17_JCTYR_TCCTGAGC-AAGGCTAT,ERS6634164
Tick_Tk19_18Skineto_JCTYR_TAGGCATG-AAGGCTAT,Tk_19,Sample,Tick,18Skinet,19,JCTYR,ANT009,Brown antechinus,NSW,Warriewood Wetlands,18SKinet_Tk_19_JCTYR_TAGGCATG-AAGGCTAT,ERS6634165
Tick_Tk20_18Skineto_JCTYR_CTCTCTAC-AAGGCTAT,Tk_20,Sample,Tick,18Skinet,20,JCTYR,ANT009,Brown antechinus,NSW,Warriewood Wetlands,18SKinet_Tk_20_JCTYR_CTCTCTAC-AAGGCTAT,ERS6634167
Tick_Tk37_18Skineto_JCTYR_ACTCGCTA-CTCTCTAT,Tk_37,Sample,Tick,18Skinet,37,JCTYR,ANT027,Brown antechinus,NSW,Warriewood Wetlands,18SKinet_Tk_37_JCTYR_ACTCGCTA-CTCTCTAT,ERS6634174
18S_kinet_Tis_119_JFTKC_AAGAGGCA-AAGGAGTA,Tis_119,Sample,Tissue,18Skinet,119,JFTKC,ANT302,Brown antechinus,NSW,Warriewood Wetlands,18SKinet_Tis_119_JFTKC_AAGAGGCA-AAGGAGTA,ERS6633830
18S_kinet_Tis_148_JFTKC_TAGCGCTC-CTCTCTAT,Tis_148,Sample,Tissue,18Skinet,148,JFTKC,ANT312,Brown antechinus,NSW,Warriewood Wetlands,18SKinet_Tis_148_JFTKC_TAGCGCTC-CTCTCTAT,ERS6633842
Blood_Bl1_18Skineto_JG7NC_ACTCGCTA-TCGACTAG,Bl_1,Sample,Blood,18Skinet,1,JG7NC,BR013,Black rat,NSW,Warriewood Wetlands,18SKinet_Bl_1_JG7NC_ACTCGCTA-TCGACTAG,ERS6633893
Tissue_Tis6_18Skineto_JG7NC_TAGGCATG-CTCTCTAT,Tis_6,Sample,Tissue,18Skinet,6,JG7NC,BR013,Black rat,NSW,Warriewood Wetlands,18SKinet_Tis_6_JG7NC_TAGGCATG-CTCTCTAT,ERS6634047
Tick_Tk95_18Skineto_JCTYR_TCGACGTC-AAGGAGTA,Tk_95,Sample,Tick,18Skinet,95,JCTYR,BR017,Black rat,NSW,Warriewood Wetlands,18SKinet_Tk_95_JCTYR_TCGACGTC-AAGGAGTA,ERS6634236
Tissue_Tis8_18Skineto_JG7NC_CGAGGCTG-CTCTCTAT,Tis_8,Sample,Tissue,18Skinet,8,JG7NC,BR017,Black rat,NSW,Warriewood Wetlands,18SKinet_Tis_8_JG7NC_CGAGGCTG-CTCTCTAT,ERS6634067
Blood_Bl2_18Skineto_JG7NC_GGAGCTAC-TCGACTAG,Bl_2,Sample,Blood,18Skinet,2,JG7NC,BR018,Black rat,NSW,Warriewood Wetlands,18SKinet_Bl_2_JG7NC_GGAGCTAC-TCGACTAG,ERS6633903
Tick_Tk92_18Skineto_JCTYR_CCTAAGAC-AAGGAGTA,Tk_92,Sample,Tick,18Skinet,92,JCTYR,BR018,Black rat,NSW,Warriewood Wetlands,18SKinet_Tk_92_JCTYR_CCTAAGAC-AAGGAGTA,ERS6634233
Tissue_Tis27_18Skineto_JG7NC_AGGCAGAA-GTAAGGAG,Tis_27,Sample,Tissue,18Skinet,27,JG7NC,BR018,Black rat,NSW,Warriewood Wetlands,18SKinet_Tis_27_JG7NC_AGGCAGAA-GTAAGGAG,ERS6634003
Tick_Tk91_18Skineto_JCTYR_ACTGAGCG-AAGGAGTA,Tk_91,Sample,Tick,18Skinet,91,JCTYR,BR019,Black rat,NSW,Warriewood Wetlands,18SKinet_Tk_91_JCTYR_ACTGAGCG-AAGGAGTA,ERS6634232
Tick_Tk94_18Skineto_JCTYR_TGCAGCTA-AAGGAGTA,Tk_94,Sample,Tick,18Skinet,94,JCTYR,BR019,Black rat,NSW,Warriewood Wetlands,18SKinet_Tk_94_JCTYR_TGCAGCTA-AAGGAGTA,ERS6634235
Tissue_Tis25_18Skineto_JG7NC_TAAGGCGA-GTAAGGAG,Tis_25,Sample,Tissue,18Skinet,25,JG7NC,BR019,Black rat,NSW,Warriewood Wetlands,18SKinet_Tis_25_JG7NC_TAAGGCGA-GTAAGGAG,ERS6634001
Tissue_Tis30_18Skineto_JG7NC_TAGGCATG-GTAAGGAG,Tis_30,Sample,Tissue,18Skinet,30,JG7NC,BR019,Black rat,NSW,Warriewood Wetlands,18SKinet_Tis_30_JG7NC_TAGGCATG-GTAAGGAG,ERS6634007
Tick_Tk93_18Skineto_JCTYR_CGATCAGT-AAGGAGTA,Tk_93,Sample,Tick,18Skinet,93,JCTYR,BR021,Black rat,NSW,Warriewood Wetlands,18SKinet_Tk_93_JCTYR_CGATCAGT-AAGGAGTA,ERS6634234
Tissue_Tis9_18Skineto_JG7NC_AAGAGGCA-CTCTCTAT,Tis_9,Sample,Tissue,18Skinet,9,JG7NC,BR021,Black rat,NSW,Warriewood Wetlands,18SKinet_Tis_9_JG7NC_AAGAGGCA-CTCTCTAT,ERS6634078
Blood_Bl3_18Skineto_JG7NC_GCGTAGTA-TCGACTAG,Bl_3,Sample,Blood,18Skinet,3,JG7NC,BR022,Black rat,NSW,Warriewood Wetlands,18SKinet_Bl_3_JG7NC_GCGTAGTA-TCGACTAG,ERS6633912
Tick_Tk87_18Skineto_JCTYR_CGGAGCCT-AAGGAGTA,Tk_87,Sample,Tick,18Skinet,87,JCTYR,BR023,Black rat,NSW,Warriewood Wetlands,18SKinet_Tk_87_JCTYR_CGGAGCCT-AAGGAGTA,ERS6634227
Tick_Tk90_18Skineto_JCTYR_TAGCGCTC-AAGGAGTA,Tk_90,Sample,Tick,18Skinet,90,JCTYR,BR023,Black rat,NSW,Warriewood Wetlands,18SKinet_Tk_90_JCTYR_TAGCGCTC-AAGGAGTA,ERS6634231
Tissue_Tis32_18Skineto_JG7NC_CGAGGCTG-GTAAGGAG,Tis_32,Sample,Tissue,18Skinet,32,JG7NC,BR023,Black rat,NSW,Warriewood Wetlands,18SKinet_Tis_32_JG7NC_CGAGGCTG-GTAAGGAG,ERS6634009
Tissue_Tis33_18Skineto_JG7NC_AAGAGGCA-GTAAGGAG,Tis_33,Sample,Tissue,18Skinet,33,JG7NC,BR023,Black rat,NSW,Warriewood Wetlands,18SKinet_Tis_33_JG7NC_AAGAGGCA-GTAAGGAG,ERS6634010
Blood_Bl4_18Skineto_JG7NC_CGGAGCCT-TCGACTAG,Bl_4,Sample,Blood,18Skinet,4,JG7NC,BR025,Black rat,NSW,Warriewood Wetlands,18SKinet_Bl_4_JG7NC_CGGAGCCT-TCGACTAG,ERS6633923
Tick_Tk11_18Skineto_JCTYR_ATCTCAGG-CTATTAAG,Tk_11,Sample,Tick,18Skinet,11,JCTYR,BR025,Black rat,NSW,Warriewood Wetlands,18SKinet_Tk_11_JCTYR_ATCTCAGG-CTATTAAG,ERS6634141
Tick_Tk12_18Skineto_JCTYR_TAAGGCGA-AAGGCTAT,Tk_12,Sample,Tick,18Skinet,12,JCTYR,BR025,Black rat,NSW,Warriewood Wetlands,18SKinet_Tk_12_JCTYR_TAAGGCGA-AAGGCTAT,ERS6634151
Tick_Tk86_18Skineto_JCTYR_GCGTAGTA-AAGGAGTA,Tk_86,Sample,Tick,18Skinet,86,JCTYR,BR025,Black rat,NSW,Warriewood Wetlands,18SKinet_Tk_86_JCTYR_GCGTAGTA-AAGGAGTA,ERS6634226
Tissue_Tis31_18Skineto_JG7NC_CTCTCTAC-GTAAGGAG,Tis_31,Sample,Tissue,18Skinet,31,JG7NC,BR025,Black rat,NSW,Warriewood Wetlands,18SKinet_Tis_31_JG7NC_CTCTCTAC-GTAAGGAG,ERS6634008
Blood_Bl9_18Skineto_JG7NC_CCTAAGAC-TCGACTAG,Bl_9,Sample,Blood,18Skinet,9,JG7NC,BR034,Black rat,NSW,North Head,18SKinet_Bl_9_JG7NC_CCTAAGAC-TCGACTAG,ERS6633974
Tick_Tk88_18Skineto_JCTYR_TACGCTGC-AAGGAGTA,Tk_88,Sample,Tick,18Skinet,88,JCTYR,BR036,Black rat,NSW,North Head,18SKinet_Tk_88_JCTYR_TACGCTGC-AAGGAGTA,ERS6634228
Blood_Bl10_18Skineto_JG7NC_CGATCAGT-TCGACTAG,Bl_10,Sample,Blood,18Skinet,10,JG7NC,BR037,Black rat,NSW,North Head,18SKinet_Bl_10_JG7NC_CGATCAGT-TCGACTAG,ERS6633882
Tick_Tk101_18Skineto_JCTYR_ATGCGCAG-CTAAGCCT,Tk_101,Sample,Tick,18Skinet,101,JCTYR,BR037,Black rat,NSW,North Head,18SKinet_Tk_101_JCTYR_ATGCGCAG-CTAAGCCT,ERS6634123
Tick_Tk24_18Skineto_JCTYR_AAGAGGCA-AAGGCTAT,Tk_24,Sample,Tick,18Skinet,24,JCTYR,BR037,Black rat,NSW,North Head,18SKinet_Tk_24_JCTYR_AAGAGGCA-AAGGCTAT,ERS6634169
Tissue_Tis18_18Skineto_JG7NC_TAGGCATG-TATCCTCT,Tis_18,Sample,Tissue,18Skinet,18,JG7NC,BR037,Black rat,NSW,North Head,18SKinet_Tis_18_JG7NC_TAGGCATG-TATCCTCT,ERS6633993
Blood_Bl12_18Skineto_JG7NC_TCGACGTC-TCGACTAG,Bl_12,Sample,Blood,18Skinet,12,JG7NC,BR039,Black rat,NSW,North Head,18SKinet_Bl_12_JG7NC_TCGACGTC-TCGACTAG,ERS6633886
Tick_Tk29_18Skineto_JCTYR_ATCTCAGG-AAGGCTAT,Tk_29,Sample,Tick,18Skinet,29,JCTYR,BR039,Black rat,NSW,North Head,18SKinet_Tk_29_JCTYR_ATCTCAGG-AAGGCTAT,ERS6634172
18S_kinet_Tis_161_JFTKC_CGGAGCCT-AGAGTAGA,Tis_161,Sample,Tissue,18Skinet,161,JFTKC,BR042,Black rat,NSW,North Head,18SKinet_Tis_161_JFTKC_CGGAGCCT-AGAGTAGA,ERS6633854
Blood_Bl14_18Skineto_JG7NC_GGAGCTAC-TTCTAGCT,Bl_14,Sample,Blood,18Skinet,14,JG7NC,BR042,Black rat,NSW,North Head,18SKinet_Bl_14_JG7NC_GGAGCTAC-TTCTAGCT,ERS6633887
Blood_Bl15_18Skineto_JG7NC_GCGTAGTA-TTCTAGCT,Bl_15,Sample,Blood,18Skinet,15,JG7NC,BR042,Black rat,NSW,North Head,18SKinet_Bl_15_JG7NC_GCGTAGTA-TTCTAGCT,ERS6633888
Blood_Bl16_18Skineto_JG7NC_CGGAGCCT-TTCTAGCT,Bl_16,Sample,Blood,18Skinet,16,JG7NC,BR042,Black rat,NSW,North Head,18SKinet_Bl_16_JG7NC_CGGAGCCT-TTCTAGCT,ERS6633889
Blood_Bl17_18Skineto_JG7NC_TACGCTGC-TTCTAGCT,Bl_17,Sample,Blood,18Skinet,17,JG7NC,BR042,Black rat,NSW,North Head,18SKinet_Bl_17_JG7NC_TACGCTGC-TTCTAGCT,ERS6633890
Tissue_Tis29_18Skineto_JG7NC_GGACTCCT-GTAAGGAG,Tis_29,Sample,Tissue,18Skinet,29,JG7NC,BR042,Black rat,NSW,North Head,18SKinet_Tis_29_JG7NC_GGACTCCT-GTAAGGAG,ERS6634005
Blood_Bl25_18Skineto_JG7NC_ACTCGCTA-CCTAGAGT,Bl_25,Sample,Blood,18Skinet,25,JG7NC,BR048,Black rat,NSW,North Head,18SKinet_Bl_25_JG7NC_ACTCGCTA-CCTAGAGT,ERS6633899
Tick_Tk96_18Skineto_JCTYR_ACTCGCTA-CTAAGCCT,Tk_96,Sample,Tick,18Skinet,96,JCTYR,BR048,Black rat,NSW,North Head,18SKinet_Tk_96_JCTYR_ACTCGCTA-CTAAGCCT,ERS6634237
Tick_Tk97_18Skineto_JCTYR_GGAGCTAC-CTAAGCCT,Tk_97,Sample,Tick,18Skinet,97,JCTYR,BR048,Black rat,NSW,North Head,18SKinet_Tk_97_JCTYR_GGAGCTAC-CTAAGCCT,ERS6634238
Tissue_Tis14_18Skineto_JG7NC_CGTACTAG-TATCCTCT,Tis_14,Sample,Tissue,18Skinet,14,JG7NC,BR048,Black rat,NSW,North Head,18SKinet_Tis_14_JG7NC_CGTACTAG-TATCCTCT,ERS6633989
Tissue_Tis22_18Skineto_JG7NC_GTAGAGGA-TATCCTCT,Tis_22,Sample,Tissue,18Skinet,22,JG7NC,BR048,Black rat,NSW,North Head,18SKinet_Tis_22_JG7NC_GTAGAGGA-TATCCTCT,ERS6633998
Blood_Bl30_18Skineto_JG7NC_ATGCGCAG-CCTAGAGT,Bl_30,Sample,Blood,18Skinet,30,JG7NC,BR055,Black rat,NSW,North Head,18SKinet_Bl_30_JG7NC_ATGCGCAG-CCTAGAGT,ERS6633904
Tick_Tk98_18Skineto_JCTYR_GCGTAGTA-CTAAGCCT,Tk_98,Sample,Tick,18Skinet,98,JCTYR,BR055,Black rat,NSW,North Head,18SKinet_Tk_98_JCTYR_GCGTAGTA-CTAAGCCT,ERS6634239
Tick_Tk99_18Skineto_JCTYR_CGGAGCCT-CTAAGCCT,Tk_99,Sample,Tick,18Skinet,99,JCTYR,BR055,Black rat,NSW,North Head,18SKinet_Tk_99_JCTYR_CGGAGCCT-CTAAGCCT,ERS6634240
Tissue_Tis23_18Skineto_JG7NC_GCTCATGA-TATCCTCT,Tis_23,Sample,Tissue,18Skinet,23,JG7NC,BR055,Black rat,NSW,North Head,18SKinet_Tis_23_JG7NC_GCTCATGA-TATCCTCT,ERS6633999
Tissue_Tis28_18Skineto_JG7NC_TCCTGAGC-GTAAGGAG,Tis_28,Sample,Tissue,18Skinet,28,JG7NC,BR055,Black rat,NSW,North Head,18SKinet_Tis_28_JG7NC_TCCTGAGC-GTAAGGAG,ERS6634004
Blood_Bl31_18Skineto_JG7NC_TAGCGCTC-CCTAGAGT,Bl_31,Sample,Blood,18Skinet,31,JG7NC,BR056,Black rat,NSW,North Head,18SKinet_Bl_31_JG7NC_TAGCGCTC-CCTAGAGT,ERS6633905
Blood_Bl37_18Skineto_JG7NC_ACTCGCTA-GCGTAAGA,Bl_37,Sample,Blood,18Skinet,37,JG7NC,BR061,Black rat,NSW,Warriewood Wetlands,18SKinet_Bl_37_JG7NC_ACTCGCTA-GCGTAAGA,ERS6633909
Blood_Bl57_18Skineto_JG7NC_TCGACGTC-CTATTAAG,Bl_57,Sample,Blood,18Skinet,57,JG7NC,BR061,Black rat,NSW,Warriewood Wetlands,18SKinet_Bl_57_JG7NC_TCGACGTC-CTATTAAG,ERS6633930
Blood_Bl38_18Skineto_JG7NC_GGAGCTAC-GCGTAAGA,Bl_38,Sample,Blood,18Skinet,38,JG7NC,BR062,Black rat,NSW,Warriewood Wetlands,18SKinet_Bl_38_JG7NC_GGAGCTAC-GCGTAAGA,ERS6633910
Blood_Bl58_18Skineto_JG7NC_ACTCGCTA-AAGGCTAT,Bl_58,Sample,Blood,18Skinet,58,JG7NC,BR062,Black rat,NSW,Warriewood Wetlands,18SKinet_Bl_58_JG7NC_ACTCGCTA-AAGGCTAT,ERS6633931
Tissue_Tis37_18Skineto_JG7NC_GGACTCCT-ACTGCATA,Tis_37,Sample,Tissue,18Skinet,37,JG7NC,BR062,Black rat,NSW,Warriewood Wetlands,18SKinet_Tis_37_JG7NC_GGACTCCT-ACTGCATA,ERS6634012
Blood_Bl39_18Skineto_JG7NC_GCGTAGTA-GCGTAAGA,Bl_39,Sample,Blood,18Skinet,39,JG7NC,BR063,Black rat,NSW,Warriewood Wetlands,18SKinet_Bl_39_JG7NC_GCGTAGTA-GCGTAAGA,ERS6633911
Blood_Bl59_18Skineto_JG7NC_GGAGCTAC-AAGGCTAT,Bl_59,Sample,Blood,18Skinet,59,JG7NC,BR063,Black rat,NSW,Warriewood Wetlands,18SKinet_Bl_59_JG7NC_GGAGCTAC-AAGGCTAT,ERS6633932
Tissue_Tis38_18Skineto_JG7NC_TAGGCATG-ACTGCATA,Tis_38,Sample,Tissue,18Skinet,38,JG7NC,BR063,Black rat,NSW,Warriewood Wetlands,18SKinet_Tis_38_JG7NC_TAGGCATG-ACTGCATA,ERS6634013
Blood_Bl40_18Skineto_JG7NC_CGGAGCCT-GCGTAAGA,Bl_40,Sample,Blood,18Skinet,40,JG7NC,BR064,Black rat,NSW,Warriewood Wetlands,18SKinet_Bl_40_JG7NC_CGGAGCCT-GCGTAAGA,ERS6633913
Blood_Bl60_18Skineto_JG7NC_GCGTAGTA-AAGGCTAT,Bl_60,Sample,Blood,18Skinet,60,JG7NC,BR064,Black rat,NSW,Warriewood Wetlands,18SKinet_Bl_60_JG7NC_GCGTAGTA-AAGGCTAT,ERS6633934
Tick_Tk105_18Skineto_JCTYR_CGATCAGT-CTAAGCCT,Tk_105,Sample,Tick,18Skinet,105,JCTYR,BR064,Black rat,NSW,Warriewood Wetlands,18SKinet_Tk_105_JCTYR_CGATCAGT-CTAAGCCT,ERS6634127
Tissue_Tis39_18Skineto_JG7NC_CTCTCTAC-ACTGCATA,Tis_39,Sample,Tissue,18Skinet,39,JG7NC,BR064,Black rat,NSW,Warriewood Wetlands,18SKinet_Tis_39_JG7NC_CTCTCTAC-ACTGCATA,ERS6634014
Blood_Bl41_18Skineto_JG7NC_TACGCTGC-GCGTAAGA,Bl_41,Sample,Blood,18Skinet,41,JG7NC,BR066,Black rat,NSW,Warriewood Wetlands,18SKinet_Bl_41_JG7NC_TACGCTGC-GCGTAAGA,ERS6633914
Blood_Bl61_18Skineto_JG7NC_CGGAGCCT-AAGGCTAT,Bl_61,Sample,Blood,18Skinet,61,JG7NC,BR066,Black rat,NSW,Warriewood Wetlands,18SKinet_Bl_61_JG7NC_CGGAGCCT-AAGGCTAT,ERS6633935
Tick_Tk108_18Skineto_JCTYR_ACTCGCTA-CGTCTAAT,Tk_108,Sample,Tick,18Skinet,108,JCTYR,BR066,Black rat,NSW,Warriewood Wetlands,18SKinet_Tk_108_JCTYR_ACTCGCTA-CGTCTAAT,ERS6634130
Tissue_Tis40_18Skineto_JG7NC_CGAGGCTG-ACTGCATA,Tis_40,Sample,Tissue,18Skinet,40,JG7NC,BR066,Black rat,NSW,Warriewood Wetlands,18SKinet_Tis_40_JG7NC_CGAGGCTG-ACTGCATA,ERS6634016
Tissue_Tis41_18Skineto_JG7NC_AAGAGGCA-ACTGCATA,Tis_41,Sample,Tissue,18Skinet,41,JG7NC,BR067,Black rat,NSW,Warriewood Wetlands,18SKinet_Tis_41_JG7NC_AAGAGGCA-ACTGCATA,ERS6634017
Tissue_Tis42_18Skineto_JG7NC_GTAGAGGA-ACTGCATA,Tis_42,Sample,Tissue,18Skinet,42,JG7NC,BR068,Black rat,NSW,Warriewood Wetlands,18SKinet_Tis_42_JG7NC_GTAGAGGA-ACTGCATA,ERS6634018
18S_kinet_Tk_175_JFTKC_ACTCGCTA-CTAAGCCT,Tk_175,Sample,Tick,18Skinet,175,JFTKC,BR069,Black rat,NSW,Warriewood Wetlands,18SKinet_Tk_175_JFTKC_ACTCGCTA-CTAAGCCT,ERS6634108
Blood_Bl42_18Skineto_JG7NC_ATGCGCAG-GCGTAAGA,Bl_42,Sample,Blood,18Skinet,42,JG7NC,BR069,Black rat,NSW,Warriewood Wetlands,18SKinet_Bl_42_JG7NC_ATGCGCAG-GCGTAAGA,ERS6633915
Blood_Bl62_18Skineto_JG7NC_TACGCTGC-AAGGCTAT,Bl_62,Sample,Blood,18Skinet,62,JG7NC,BR069,Black rat,NSW,Warriewood Wetlands,18SKinet_Bl_62_JG7NC_TACGCTGC-AAGGCTAT,ERS6633936
Tick_Tk107_18Skineto_JCTYR_TCGACGTC-CTAAGCCT,Tk_107,Sample,Tick,18Skinet,107,JCTYR,BR069,Black rat,NSW,Warriewood Wetlands,18SKinet_Tk_107_JCTYR_TCGACGTC-CTAAGCCT,ERS6634129
Tissue_Tis43_18Skineto_JG7NC_TAAGGCGA-AAGGAGTA,Tis_43,Sample,Tissue,18Skinet,43,JG7NC,BR069,Black rat,NSW,Warriewood Wetlands,18SKinet_Tis_43_JG7NC_TAAGGCGA-AAGGAGTA,ERS6634019
Tick_Tk106_18Skineto_JCTYR_TGCAGCTA-CTAAGCCT,Tk_106,Sample,Tick,18Skinet,106,JCTYR,BR070,Black rat,NSW,Warriewood Wetlands,18SKinet_Tk_106_JCTYR_TGCAGCTA-CTAAGCCT,ERS6634128
Tissue_Tis44_18Skineto_JG7NC_CGTACTAG-AAGGAGTA,Tis_44,Sample,Tissue,18Skinet,44,JG7NC,BR070,Black rat,NSW,Warriewood Wetlands,18SKinet_Tis_44_JG7NC_CGTACTAG-AAGGAGTA,ERS6634020
Blood_Bl43_18Skineto_JG7NC_TAGCGCTC-GCGTAAGA,Bl_43,Sample,Blood,18Skinet,43,JG7NC,BR071,Black rat,NSW,Warriewood Wetlands,18SKinet_Bl_43_JG7NC_TAGCGCTC-GCGTAAGA,ERS6633916
Blood_Bl63_18Skineto_JG7NC_ATGCGCAG-AAGGCTAT,Bl_63,Sample,Blood,18Skinet,63,JG7NC,BR071,Black rat,NSW,Warriewood Wetlands,18SKinet_Bl_63_JG7NC_ATGCGCAG-AAGGCTAT,ERS6633937
Tissue_Tis45_18Skineto_JG7NC_AGGCAGAA-AAGGAGTA,Tis_45,Sample,Tissue,18Skinet,45,JG7NC,BR071,Black rat,NSW,Warriewood Wetlands,18SKinet_Tis_45_JG7NC_AGGCAGAA-AAGGAGTA,ERS6634021
Blood_Bl44_18Skineto_JG7NC_ACTGAGCG-GCGTAAGA,Bl_44,Sample,Blood,18Skinet,44,JG7NC,BR072,Black rat,NSW,Warriewood Wetlands,18SKinet_Bl_44_JG7NC_ACTGAGCG-GCGTAAGA,ERS6633917
Blood_Bl64_18Skineto_JG7NC_TAGCGCTC-AAGGCTAT,Bl_64,Sample,Blood,18Skinet,64,JG7NC,BR072,Black rat,NSW,Warriewood Wetlands,18SKinet_Bl_64_JG7NC_TAGCGCTC-AAGGCTAT,ERS6633938
Tissue_Tis46_18Skineto_JG7NC_TCCTGAGC-AAGGAGTA,Tis_46,Sample,Tissue,18Skinet,46,JG7NC,BR072,Black rat,NSW,Warriewood Wetlands,18SKinet_Tis_46_JG7NC_TCCTGAGC-AAGGAGTA,ERS6634022
Blood_Bl45_18Skineto_JG7NC_CCTAAGAC-GCGTAAGA,Bl_45,Sample,Blood,18Skinet,45,JG7NC,BR073,Black rat,NSW,Warriewood Wetlands,18SKinet_Bl_45_JG7NC_CCTAAGAC-GCGTAAGA,ERS6633918
Blood_Bl65_18Skineto_JG7NC_ACTGAGCG-AAGGCTAT,Bl_65,Sample,Blood,18Skinet,65,JG7NC,BR073,Black rat,NSW,Warriewood Wetlands,18SKinet_Bl_65_JG7NC_ACTGAGCG-AAGGCTAT,ERS6633939
Tick_Tk111_18Skineto_JCTYR_CGGAGCCT-CGTCTAAT,Tk_111,Sample,Tick,18Skinet,111,JCTYR,BR073,Black rat,NSW,Warriewood Wetlands,18SKinet_Tk_111_JCTYR_CGGAGCCT-CGTCTAAT,ERS6634133
Tissue_Tis47_18Skineto_JG7NC_GGACTCCT-AAGGAGTA,Tis_47,Sample,Tissue,18Skinet,47,JG7NC,BR073,Black rat,NSW,Warriewood Wetlands,18SKinet_Tis_47_JG7NC_GGACTCCT-AAGGAGTA,ERS6634023
Blood_Bl46_18Skineto_JG7NC_ACTCGCTA-CTATTAAG,Bl_46,Sample,Blood,18Skinet,46,JG7NC,BR074,Black rat,NSW,Warriewood Wetlands,18SKinet_Bl_46_JG7NC_ACTCGCTA-CTATTAAG,ERS6633919
Blood_Bl66_18Skineto_JG7NC_CCTAAGAC-AAGGCTAT,Bl_66,Sample,Blood,18Skinet,66,JG7NC,BR074,Black rat,NSW,Warriewood Wetlands,18SKinet_Bl_66_JG7NC_CCTAAGAC-AAGGCTAT,ERS6633940
Blood_Bl47_18Skineto_JG7NC_GGAGCTAC-CTATTAAG,Bl_47,Sample,Blood,18Skinet,47,JG7NC,BR075,Black rat,NSW,Warriewood Wetlands,18SKinet_Bl_47_JG7NC_GGAGCTAC-CTATTAAG,ERS6633920
Blood_Bl68_18Skineto_JG7NC_TGCAGCTA-AAGGCTAT,Bl_68,Sample,Blood,18Skinet,68,JG7NC,BR075,Black rat,NSW,Warriewood Wetlands,18SKinet_Bl_68_JG7NC_TGCAGCTA-AAGGCTAT,ERS6633941
Tick_Tk110_18Skineto_JCTYR_GCGTAGTA-CGTCTAAT,Tk_110,Sample,Tick,18Skinet,110,JCTYR,BR075,Black rat,NSW,Warriewood Wetlands,18SKinet_Tk_110_JCTYR_GCGTAGTA-CGTCTAAT,ERS6634132
Tick_Tk85_18Skineto_JCTYR_GGAGCTAC-AAGGAGTA,Tk_85,Sample,Tick,18Skinet,85,JCTYR,BR075,Black rat,NSW,Warriewood Wetlands,18SKinet_Tk_85_JCTYR_GGAGCTAC-AAGGAGTA,ERS6634225
Tissue_Tis48_18Skineto_JG7NC_TAGGCATG-AAGGAGTA,Tis_48,Sample,Tissue,18Skinet,48,JG7NC,BR075,Black rat,NSW,Warriewood Wetlands,18SKinet_Tis_48_JG7NC_TAGGCATG-AAGGAGTA,ERS6634024
Tissue_Tis49_18Skineto_JG7NC_CTCTCTAC-AAGGAGTA,Tis_49,Sample,Tissue,18Skinet,49,JG7NC,BR075,Black rat,NSW,Warriewood Wetlands,18SKinet_Tis_49_JG7NC_CTCTCTAC-AAGGAGTA,ERS6634025
Blood_Bl55_18Skineto_JG7NC_CGATCAGT-CTATTAAG,Bl_55,Sample,Blood,18Skinet,55,JG7NC,BR116,Black rat,NSW,Stapleton Reserve,18SKinet_Bl_55_JG7NC_CGATCAGT-CTATTAAG,ERS6633929
Blood_Bl76_18Skineto_JG7NC_TAGCGCTC-GAGCCTTA,Bl_76,Sample,Blood,18Skinet,76,JG7NC,BR116,Black rat,NSW,Stapleton Reserve,18SKinet_Bl_76_JG7NC_TAGCGCTC-GAGCCTTA,ERS6633950
Tick_Tk112_18Skineto_JCTYR_TACGCTGC-CGTCTAAT,Tk_112,Sample,Tick,18Skinet,112,JCTYR,BR116,Black rat,NSW,Stapleton Reserve,18SKinet_Tk_112_JCTYR_TACGCTGC-CGTCTAAT,ERS6634134
Tissue_Tis60_18Skineto_JG7NC_TAGGCATG-CTAAGCCT,Tis_60,Sample,Tissue,18Skinet,60,JG7NC,BR116,Black rat,NSW,Stapleton Reserve,18SKinet_Tis_60_JG7NC_TAGGCATG-CTAAGCCT,ERS6634038
18S_kinet_Tk_157_JFTKC_ACTCGCTA-ACTGCATA,Tk_157,Sample,Tick,18Skinet,157,JFTKC,BR152,Black rat,NSW,Condover Reserve,18SKinet_Tk_157_JFTKC_ACTCGCTA-ACTGCATA,ERS6634091
Blood_Bl98_18Skineto_JG7NC_CTCTCTAC-TTCTAGCT,Bl_98,Sample,Blood,18Skinet,98,JG7NC,BR152,Black rat,NSW,Condover Reserve,18SKinet_Bl_98_JG7NC_CTCTCTAC-TTCTAGCT,ERS6633972
Tick_Tk125_18Skineto_JCTYR_ATGCGCAG-TCTCTCCG,Tk_125,Sample,Tick,18Skinet,125,JCTYR,BR152,Black rat,NSW,Condover Reserve,18SKinet_Tk_125_JCTYR_ATGCGCAG-TCTCTCCG,ERS6634147
Tissue_Tis91_18Skineto_JG7NC_GCTCATGA-CCTAGAGT,Tis_91,Sample,Tissue,18Skinet,91,JG7NC,BR152,Black rat,NSW,Condover Reserve,18SKinet_Tis_91_JG7NC_GCTCATGA-CCTAGAGT,ERS6634069
Blood_Bl99_18Skineto_JG7NC_CGAGGCTG-TTCTAGCT,Bl_99,Sample,Blood,18Skinet,99,JG7NC,BR153,Black rat,NSW,Condover Reserve,18SKinet_Bl_99_JG7NC_CGAGGCTG-TTCTAGCT,ERS6633973
Blood_Bl100_18Skineto_JG7NC_AAGAGGCA-TTCTAGCT,Bl_100,Sample,Blood,18Skinet,100,JG7NC,BR154,Black rat,NSW,Condover Reserve,18SKinet_Bl_100_JG7NC_AAGAGGCA-TTCTAGCT,ERS6633872
Tick_TK127_18Skineto_JCTYR_ACTGAGCG-TCTCTCCG,Tk_127,Sample,Tick,18Skinet,127,JCTYR,BR154,Black rat,NSW,Condover Reserve,18SKinet_Tk_127_JCTYR_ACTGAGCG-TCTCTCCG,ERS6634121
Tissue_Tis93_18Skineto_JG7NC_TAAGGCGA-GCGTAAGA,Tis_93,Sample,Tissue,18Skinet,93,JG7NC,BR154,Black rat,NSW,Condover Reserve,18SKinet_Tis_93_JG7NC_TAAGGCGA-GCGTAAGA,ERS6634071
Blood_Bl101_18Skineto_JG7NC_GTAGAGGA-TTCTAGCT,Bl_101,Sample,Blood,18Skinet,101,JG7NC,BR155,Black rat,NSW,Condover Reserve,18SKinet_Bl_101_JG7NC_GTAGAGGA-TTCTAGCT,ERS6633873
Tick_Tk119_18Skineto_JCTYR_TCGACGTC-CGTCTAAT,Tk_119,Sample,Tick,18Skinet,119,JCTYR,BR155,Black rat,NSW,Condover Reserve,18SKinet_Tk_119_JCTYR_TCGACGTC-CGTCTAAT,ERS6634140
Tissue_Tis83_18Skineto_JG7NC_GGACTCCT-TCTCTCCG,Tis_83,Sample,Tissue,18Skinet,83,JG7NC,BR155,Black rat,NSW,Condover Reserve,18SKinet_Tis_83_JG7NC_GGACTCCT-TCTCTCCG,ERS6634061
Blood_Bl102_18Skineto_JG7NC_GCTCATGA-TTCTAGCT,Bl_102,Sample,Blood,18Skinet,102,JG7NC,BR156,Black rat,NSW,Condover Reserve,18SKinet_Bl_102_JG7NC_GCTCATGA-TTCTAGCT,ERS6633874
Tick_Tk118_18Skineto_JCTYR_TGCAGCTA-CGTCTAAT,Tk_118,Sample,Tick,18Skinet,118,JCTYR,BR156,Black rat,NSW,Condover Reserve,18SKinet_Tk_118_JCTYR_TGCAGCTA-CGTCTAAT,ERS6634139
Tissue_Tis82_18Skineto_JG7NC_TCCTGAGC-TCTCTCCG,Tis_82,Sample,Tissue,18Skinet,82,JG7NC,BR156,Black rat,NSW,Condover Reserve,18SKinet_Tis_82_JG7NC_TCCTGAGC-TCTCTCCG,ERS6634060
18S_kinet_Tk_158_JFTKC_GGAGCTAC-ACTGCATA,Tk_158,Sample,Tick,18Skinet,158,JFTKC,BR157,Black rat,NSW,Condover Reserve,18SKinet_Tk_158_JFTKC_GGAGCTAC-ACTGCATA,ERS6634092
18S_kinet_Tk_159_JFTKC_GCGTAGTA-ACTGCATA,Tk_159,Sample,Tick,18Skinet,159,JFTKC,BR157,Black rat,NSW,Condover Reserve,18SKinet_Tk_159_JFTKC_GCGTAGTA-ACTGCATA,ERS6634093
Blood_Bl103_18Skineto_JG7NC_ATCTCAGG-TTCTAGCT,Bl_103,Sample,Blood,18Skinet,103,JG7NC,BR157,Black rat,NSW,Condover Reserve,18SKinet_Bl_103_JG7NC_ATCTCAGG-TTCTAGCT,ERS6633875
Tick_Tk128_18Skineto_JCTYR_ACTCGCTA-TCGACTAG,Tk_128,Sample,Tick,18Skinet,128,JCTYR,BR157,Black rat,NSW,Condover Reserve,18SKinet_Tk_128_JCTYR_ACTCGCTA-TCGACTAG,ERS6634149
Tissue_Tis94_18Skineto_JG7NC_CGTACTAG-GCGTAAGA,Tis_94,Sample,Tissue,18Skinet,94a,JG7NC,BR157,Black rat,NSW,Condover Reserve,18SKinet_Tis_94_JG7NC_CGTACTAG-GCGTAAGA,ERS6634072
Tissue_Tis95_18Skineto_JG7NC_AGGCAGAA-GCGTAAGA,Tis_95,Sample,Tissue,18Skinet,95b,JG7NC,BR157,Black rat,NSW,Condover Reserve,18SKinet_Tis_95_JG7NC_AGGCAGAA-GCGTAAGA,ERS6634073
18S_kinet_Tk_165_JFTKC_ACTCGCTA-AAGGAGTA,Tk_165,Sample,Tick,18Skinet,165,JFTKC,BR205,Black rat,NSW,Stapleton Reserve,18SKinet_Tk_165_JFTKC_ACTCGCTA-AAGGAGTA,ERS6634098
Blood_Bl111_18Skineto_JG7NC_CGAGGCTG-TCGACTAG,Bl_111,Sample,Blood,18Skinet,111,JG7NC,BR205,Black rat,NSW,Stapleton Reserve,18SKinet_Bl_111_JG7NC_CGAGGCTG-TCGACTAG,ERS6633884
18S_kinet_Tis_117_JFTKC_GCTACGCT-AAGGAGTA,Tis_117,Sample,Tissue,18Skinet,117,JFTKC,BR300,Black rat,NSW,Warriewood Wetlands,18SKinet_Tis_117_JFTKC_GCTACGCT-AAGGAGTA,ERS6633828
18S_kinet_Tis_110_JFTKC_CGTACTAG-AAGGAGTA,Tis_110,Sample,Tissue,18Skinet,110,JFTKC,BR308,Black rat,NSW,Warriewood Wetlands,18SKinet_Tis_110_JFTKC_CGTACTAG-AAGGAGTA,ERS6633821
18S_kinet_Bl_147_JFTKC_AAGAGGCA-AGAGTAGA,Bl_147,Sample,Blood,18Skinet,147,JFTKC,BR310,Black rat,NSW,Warriewood Wetlands,18SKinet_Bl_147_JFTKC_AAGAGGCA-AGAGTAGA,ERS6633800
18S_kinet_Tis_149_JFTKC_ACTGAGCG-CTCTCTAT,Tis_149,Sample,Tissue,18Skinet,149,JFTKC,BR314,Black rat,NSW,Warriewood Wetlands,18SKinet_Tis_149_JFTKC_ACTGAGCG-CTCTCTAT,ERS6633843
18S_kinet_Tis_132_JFTKC_GTAGAGGA-CTAAGCCT,Tis_132,Sample,Tissue,18Skinet,132,JFTKC,BR315,Black rat,NSW,Warriewood Wetlands,18SKinet_Tis_132_JFTKC_GTAGAGGA-CTAAGCCT,ERS6633834
18S_kinet_Bl_123_JFTKC_AAGAGGCA-CTCTCTAT,Bl_123,Sample,Blood,18Skinet,123,JFTKC,BR403,Black rat,NSW,Stapleton Reserve,18SKinet_Bl_123_JFTKC_AAGAGGCA-CTCTCTAT,ERS6633777
18S_kinet_Bl_122_JFTKC_CGAGGCTG-CTCTCTAT,Bl_122,Sample,Blood,18Skinet,122,JFTKC,BR406a,Black rat,NSW,Stapleton Reserve,18SKinet_Bl_122_JFTKC_CGAGGCTG-CTCTCTAT,ERS6633776
18S_kinet_Bl_132_JFTKC_CAGAGAGG-TATCCTCT,Bl_132,Sample,Blood,18Skinet,132,JFTKC,BR409,Black rat,NSW,Condover Reserve,18SKinet_Bl_132_JFTKC_CAGAGAGG-TATCCTCT,ERS6633785
18S_kinet_Tis_111_JFTKC_AGGCAGAA-AAGGAGTA,Tis_111,Sample,Tissue,18Skinet,111,JFTKC,BR409,Black rat,NSW,Condover Reserve,18SKinet_Tis_111_JFTKC_AGGCAGAA-AAGGAGTA,ERS6633822
18S_kinet_Bl_114_JFTKC_CGTACTAG-CTCTCTAT,Bl_114,Sample,Blood,18Skinet,114,JFTKC,BR410,Black rat,NSW,Dobroyd Head,18SKinet_Bl_114_JFTKC_CGTACTAG-CTCTCTAT,ERS6633768
18S_kinet_Tis_147_JFTKC_ATGCGCAG-CTCTCTAT,Tis_147,Sample,Tissue,18Skinet,147,JFTKC,BR410,Black rat,NSW,Dobroyd Head,18SKinet_Tis_147_JFTKC_ATGCGCAG-CTCTCTAT,ERS6633841
18S_kinet_Tis_155_JFTKC_ATGCGCAG-TATCCTCT,Tis_155,Sample,Tissue,18Skinet,155,JFTKC,BR416,Black rat,NSW,Dobroyd Head,18SKinet_Tis_155_JFTKC_ATGCGCAG-TATCCTCT,ERS6633849
18S_kinet_Tis_162_JFTKC_TACGCTGC-AGAGTAGA,Tis_162,Sample,Tissue,18Skinet,162,JFTKC,BR416,Black rat,NSW,Dobroyd Head,18SKinet_Tis_162_JFTKC_TACGCTGC-AGAGTAGA,ERS6633855
18S_kinet_Bl_137_JFTKC_TAAGGCGA-AGAGTAGA,Bl_137,Sample,Blood,18Skinet,137,JFTKC,BR419,Black rat,NSW,Dobroyd Head,18SKinet_Bl_137_JFTKC_TAAGGCGA-AGAGTAGA,ERS6633790
18S_kinet_Tis_130_JFTKC_CGAGGCTG-CTAAGCCT,Tis_130,Sample,Tissue,18Skinet,130,JFTKC,BR419,Black rat,NSW,Dobroyd Head,18SKinet_Tis_130_JFTKC_CGAGGCTG-CTAAGCCT,ERS6633832
18S_kinet_Bl_131_JFTKC_CTCTCTAC-TATCCTCT,Bl_131,Sample,Blood,18Skinet,131,JFTKC,BR421,Black rat,NSW,Dobroyd Head,18SKinet_Bl_131_JFTKC_CTCTCTAC-TATCCTCT,ERS6633784
18S_kinet_Bl_139_JFTKC_AGGCAGAA-AGAGTAGA,Bl_139,Sample,Blood,18Skinet,139,JFTKC,BR422,Black rat,NSW,Dobroyd Head,18SKinet_Bl_139_JFTKC_AGGCAGAA-AGAGTAGA,ERS6633792
18S_kinet_Tis_118_JFTKC_CGAGGCTG-AAGGAGTA,Tis_118,Sample,Tissue,18Skinet,118,JFTKC,BR422,Black rat,NSW,Dobroyd Head,18SKinet_Tis_118_JFTKC_CGAGGCTG-AAGGAGTA,ERS6633829
18S_kinet_Bl_135_JFTKC_AAGAGGCA-TATCCTCT,Bl_135,Sample,Blood,18Skinet,135,JFTKC,BR423,Black rat,NSW,Dobroyd Head,18SKinet_Bl_135_JFTKC_AAGAGGCA-TATCCTCT,ERS6633788
18S_kinet_Bl_142_JFTKC_TAGGCATG-AGAGTAGA,Bl_142,Sample,Blood,18Skinet,142,JFTKC,BRAH1,Black rat,NSW,Manly Dam,18SKinet_Bl_142_JFTKC_TAGGCATG-AGAGTAGA,ERS6633795
18S_kinet_Tis_157_JFTKC_ACTGAGCG-TATCCTCT,Tis_157,Sample,Tissue,18Skinet,157,JFTKC,BRAH1,Black rat,NSW,Manly Dam,18SKinet_Tis_157_JFTKC_ACTGAGCG-TATCCTCT,ERS6633851
18S_kinet_Bl_141_JFTKC_GGACTCCT-AGAGTAGA,Bl_141,Sample,Blood,18Skinet,141,JFTKC,BRAH2,Black rat,NSW,Manly Dam,18SKinet_Bl_141_JFTKC_GGACTCCT-AGAGTAGA,ERS6633794
18S_kinet_Tis_156_JFTKC_TAGCGCTC-TATCCTCT,Tis_156,Sample,Tissue,18Skinet,156,JFTKC,BRAH2,Black rat,NSW,Manly Dam,18SKinet_Tis_156_JFTKC_TAGCGCTC-TATCCTCT,ERS6633850
18S_kinet_Bl_149_JFTKC_GTAGAGGA-AGAGTAGA,Bl_149,Sample,Blood,18Skinet,149,JFTKC,BRAH5,Black rat,NSW,Manly Dam,18SKinet_Bl_149_JFTKC_GTAGAGGA-AGAGTAGA,ERS6633801
18S_kinet_Tis_169_JFRJB_CTCTCTAC-TCGACTAG,Tis_169,Sample,Tissue,18Skinet,169,JFRJB,BRAH5,Black rat,NSW,Manly Dam,18SKinet_Tis_169_JFRJB_CTCTCTAC-TCGACTAG,ERS6633862
18S_kinet_Tk_214_JFRJB_CGTACTAG-CCTAGAGT,Tk_214,Sample,Tick,18Skinet,214,JFRJB,BRAH6,Black rat,NSW,Manly Dam,18SKinet_Tk_214_JFRJB_CGTACTAG-CCTAGAGT,ERS6634110
18S_kinet_Tk_215_JFRJB_AGGCAGAA-CCTAGAGT,Tk_215,Sample,Tick,18Skinet,215,JFRJB,BRAH6,Black rat,NSW,Manly Dam,18SKinet_Tk_215_JFRJB_AGGCAGAA-CCTAGAGT,ERS6634111
18S_kinet_Tis_164_JFRJB_CGTACTAG-TCGACTAG,Tis_164,Sample,Tissue,18Skinet,164a,JFRJB,BRAH6,Black rat,NSW,Manly Dam,18SKinet_Tis_164_JFRJB_CGTACTAG-TCGACTAG,ERS6633857
18S_kinet_Tis_165_JFRJB_AGGCAGAA-TCGACTAG,Tis_165,Sample,Tissue,18Skinet,165a,JFRJB,BRAH6,Black rat,NSW,Manly Dam,18SKinet_Tis_165_JFRJB_AGGCAGAA-TCGACTAG,ERS6633858
18S_kinet_Bl_128_JFTKC_TCCTGAGC-TATCCTCT,Bl_128,Sample,Blood,18Skinet,128,JFTKC,BRIR10,Black rat,NSW,Warriewood Wetlands,18SKinet_Bl_128_JFTKC_TCCTGAGC-TATCCTCT,ERS6633782
18S_kinet_Tis_145_JFTKC_CGGAGCCT-CTCTCTAT,Tis_145,Sample,Tissue,18Skinet,145,JFTKC,BRIR10,Black rat,NSW,Warriewood Wetlands,18SKinet_Tis_145_JFTKC_CGGAGCCT-CTCTCTAT,ERS6633839
18S_kinet_Bl_127_JFTKC_AGGCAGAA-TATCCTCT,Bl_127,Sample,Blood,18Skinet,127,JFTKC,BRIR11,Black rat,NSW,Warriewood Wetlands,18SKinet_Bl_127_JFTKC_AGGCAGAA-TATCCTCT,ERS6633781
18S_kinet_Bl_154_JFTKC_GGACTCCT-GTAAGGAG,Bl_154,Sample,Blood,18Skinet,154,JFTKC,BRIR6,Black rat,NSW,Warriewood Wetlands,18SKinet_Bl_154_JFTKC_GGACTCCT-GTAAGGAG,ERS6633806
18S_kinet_Bl_119_JFTKC_CTCTCTAC-CTCTCTAT,Bl_119,Sample,Blood,18Skinet,119,JFTKC,BRIR7,Black rat,NSW,Warriewood Wetlands,18SKinet_Bl_119_JFTKC_CTCTCTAC-CTCTCTAT,ERS6633773
18S_kinet_Bl_125_JFTKC_TAAGGCGA-TATCCTCT,Bl_125,Sample,Blood,18Skinet,125,JFTKC,BRKC10,Black rat,NSW,Warriewood Wetlands,18SKinet_Bl_125_JFTKC_TAAGGCGA-TATCCTCT,ERS6633779
18S_kinet_Tis_153_JFTKC_CGGAGCCT-TATCCTCT,Tis_153,Sample,Tissue,18Skinet,153,JFTKC,BRKC10,Black rat,NSW,Warriewood Wetlands,18SKinet_Tis_153_JFTKC_CGGAGCCT-TATCCTCT,ERS6633847
18S_kinet_Bl_146_JFTKC_CGAGGCTG-AGAGTAGA,Bl_146,Sample,Blood,18Skinet,146,JFTKC,BRKC2,Black rat,NSW,Warriewood Wetlands,18SKinet_Bl_146_JFTKC_CGAGGCTG-AGAGTAGA,ERS6633799
18S_kinet_Bl_145_JFTKC_GCTACGCT-AGAGTAGA,Bl_145,Sample,Blood,18Skinet,145,JFTKC,BRKC3,Black rat,NSW,Warriewood Wetlands,18SKinet_Bl_145_JFTKC_GCTACGCT-AGAGTAGA,ERS6633798
18S_kinet_Tis_142_JFTKC_ACTCGCTA-CTCTCTAT,Tis_142,Sample,Tissue,18Skinet,142,JFTKC,BRKC3,Black rat,NSW,Warriewood Wetlands,18SKinet_Tis_142_JFTKC_ACTCGCTA-CTCTCTAT,ERS6633836
18S_kinet_Bl_126_JFTKC_CGTACTAG-TATCCTCT,Bl_126,Sample,Blood,18Skinet,126,JFTKC,BRKC6,Black rat,NSW,Warriewood Wetlands,18SKinet_Bl_126_JFTKC_CGTACTAG-TATCCTCT,ERS6633780
18S_kinet_Tis_151_JFTKC_GGAGCTAC-TATCCTCT,Tis_151,Sample,Tissue,18Skinet,151,JFTKC,BRKC6,Black rat,NSW,Warriewood Wetlands,18SKinet_Tis_151_JFTKC_GGAGCTAC-TATCCTCT,ERS6633845
18S_kinet_Tk_156_JFTKC_ACTGAGCG-GTAAGGAG,Tk_156,Sample,Tick,18Skinet,156,JFTKC,BRM11E,Black rat,NSW,Warriewood Wetlands,18SKinet_Tk_156_JFTKC_ACTGAGCG-GTAAGGAG,ERS6634090
Blood_Bl108_18Skineto_JG7NC_GGACTCCT-TCGACTAG,Bl_108,Sample,Blood,18Skinet,108,JG7NC,BRM11E,Black rat,NSW,Warriewood Wetlands,18SKinet_Bl_108_JG7NC_GGACTCCT-TCGACTAG,ERS6633880
Tick_Tk123_18Skineto_JCTYR_CGGAGCCT-TCTCTCCG,Tk_123,Sample,Tick,18Skinet,123,JCTYR,BRM11E,Black rat,NSW,Warriewood Wetlands,18SKinet_Tk_123_JCTYR_CGGAGCCT-TCTCTCCG,ERS6634145
Tissue_Tis87_18Skineto_JG7NC_AAGAGGCA-TCTCTCCG,Tis_87,Sample,Tissue,18Skinet,87,JG7NC,BRM11E,Black rat,NSW,Warriewood Wetlands,18SKinet_Tis_87_JG7NC_AAGAGGCA-TCTCTCCG,ERS6634065
18S_kinet_Tk_171_JFTKC_TAGCGCTC-AAGGAGTA,Tk_171,Sample,Tick,18Skinet,171,JFTKC,BRM12C,Black rat,NSW,Warriewood Wetlands,18SKinet_Tk_171_JFTKC_TAGCGCTC-AAGGAGTA,ERS6634104
18S_kinet_Tk_172_JFTKC_ACTGAGCG-AAGGAGTA,Tk_172,Sample,Tick,18Skinet,172,JFTKC,BRM12C,Black rat,NSW,Warriewood Wetlands,18SKinet_Tk_172_JFTKC_ACTGAGCG-AAGGAGTA,ERS6634105
Blood_Bl105_18Skineto_JG7NC_CGTACTAG-TCGACTAG,Bl_105,Sample,Blood,18Skinet,105,JG7NC,BRM12C,Black rat,NSW,Warriewood Wetlands,18SKinet_Bl_105_JG7NC_CGTACTAG-TCGACTAG,ERS6633877
Tick_Tk122_18Skineto_JCTYR_GCGTAGTA-TCTCTCCG,Tk_122,Sample,Tick,18Skinet,122,JCTYR,BRM12C,Black rat,NSW,Warriewood Wetlands,18SKinet_Tk_122_JCTYR_GCGTAGTA-TCTCTCCG,ERS6634144
Tissue_Tis86_18Skineto_JG7NC_CGAGGCTG-TCTCTCCG,Tis_86,Sample,Tissue,18Skinet,86,JG7NC,BRM12C,Black rat,NSW,Warriewood Wetlands,18SKinet_Tis_86_JG7NC_CGAGGCTG-TCTCTCCG,ERS6634064
18S_kinet_Tk_169_JFTKC_TACGCTGC-AAGGAGTA,Tk_169,Sample,Tick,18Skinet,169,JFTKC,BRM1C,Black rat,NSW,Warriewood Wetlands,18SKinet_Tk_169_JFTKC_TACGCTGC-AAGGAGTA,ERS6634102
18S_kinet_Tk_170_JFTKC_ATGCGCAG-AAGGAGTA,Tk_170,Sample,Tick,18Skinet,170,JFTKC,BRM1C,Black rat,NSW,Warriewood Wetlands,18SKinet_Tk_170_JFTKC_ATGCGCAG-AAGGAGTA,ERS6634103
Blood_Bl104_18Skineto_JG7NC_TAAGGCGA-TCGACTAG,Bl_104,Sample,Blood,18Skinet,104,JG7NC,BRM1C,Black rat,NSW,Warriewood Wetlands,18SKinet_Bl_104_JG7NC_TAAGGCGA-TCGACTAG,ERS6633876
Tick_Tk126_18Skineto_JCTYR_TAGCGCTC-TCTCTCCG,Tk_126,Sample,Tick,18Skinet,126,JCTYR,BRM1C,Black rat,NSW,Warriewood Wetlands,18SKinet_Tk_126_JCTYR_TAGCGCTC-TCTCTCCG,ERS6634148
Tissue_Tis92_18Skineto_JG7NC_ATCTCAGG-CCTAGAGT,Tis_92,Sample,Tissue,18Skinet,92,JG7NC,BRM1C,Black rat,NSW,Warriewood Wetlands,18SKinet_Tis_92_JG7NC_ATCTCAGG-CCTAGAGT,ERS6634070
18S_kinet_Tk_168_JFTKC_CGGAGCCT-AAGGAGTA,Tk_168,Sample,Tick,18Skinet,168,JFTKC,BRM20C03,Black rat,NSW,Warriewood Wetlands,18SKinet_Tk_168_JFTKC_CGGAGCCT-AAGGAGTA,ERS6634101
Blood_Bl106_18Skineto_JG7NC_AGGCAGAA-TCGACTAG,Bl_106,Sample,Blood,18Skinet,106,JG7NC,BRM20C03,Black rat,NSW,Warriewood Wetlands,18SKinet_Bl_106_JG7NC_AGGCAGAA-TCGACTAG,ERS6633878
18S_kinet_Tk_173_JFTKC_GCGTAGTA-CTAAGCCT,Tk_173,Sample,Tick,18Skinet,173,JFTKC,BRM20C05,Black rat,NSW,Warriewood Wetlands,18SKinet_Tk_173_JFTKC_GCGTAGTA-CTAAGCCT,ERS6634106
18S_kinet_Tk_174_JFTKC_CGGAGCCT-CTAAGCCT,Tk_174,Sample,Tick,18Skinet,174,JFTKC,BRM20C05,Black rat,NSW,Warriewood Wetlands,18SKinet_Tk_174_JFTKC_CGGAGCCT-CTAAGCCT,ERS6634107
Blood_Bl109_18Skineto_JG7NC_TAGGCATG-TCGACTAG,Bl_109,Sample,Blood,18Skinet,109,JG7NC,BRM20C05,Black rat,NSW,Warriewood Wetlands,18SKinet_Bl_109_JG7NC_TAGGCATG-TCGACTAG,ERS6633881
18S_kinet_Tk_166_JFTKC_GGAGCTAC-AAGGAGTA,Tk_166,Sample,Tick,18Skinet,166,JFTKC,BRM3C,Black rat,NSW,Warriewood Wetlands,18SKinet_Tk_166_JFTKC_GGAGCTAC-AAGGAGTA,ERS6634099
18S_kinet_Tk_167_JFTKC_GCGTAGTA-AAGGAGTA,Tk_167,Sample,Tick,18Skinet,167,JFTKC,BRM3C,Black rat,NSW,Warriewood Wetlands,18SKinet_Tk_167_JFTKC_GCGTAGTA-AAGGAGTA,ERS6634100
Blood_Bl107_18Skineto_JG7NC_TCCTGAGC-TCGACTAG,Bl_107,Sample,Blood,18Skinet,107,JG7NC,BRM3C,Black rat,NSW,Warriewood Wetlands,18SKinet_Bl_107_JG7NC_TCCTGAGC-TCGACTAG,ERS6633879
18S_kinet_Bl_152_JFTKC_AGGCAGAA-GTAAGGAG,Bl_152,Sample,Blood,18Skinet,152,JFTKC,BRNR1,Black rat,NSW,Nareen Reserve,18SKinet_Bl_152_JFTKC_AGGCAGAA-GTAAGGAG,ERS6633804
18S_kinet_Tis_170_JFRJB_CGAGGCTG-TCGACTAG,Tis_170,Sample,Tissue,18Skinet,170,JFRJB,BRNR1,Black rat,NSW,Nareen Reserve,18SKinet_Tis_170_JFRJB_CGAGGCTG-TCGACTAG,ERS6633863
18S_kinet_Bl_151_JFTKC_CGTACTAG-GTAAGGAG,Bl_151,Sample,Blood,18Skinet,151,JFTKC,BRNR2,Black rat,NSW,Nareen Reserve,18SKinet_Bl_151_JFTKC_CGTACTAG-GTAAGGAG,ERS6633803
18S_kinet_Tis_152_JFTKC_GCGTAGTA-TATCCTCT,Tis_152,Sample,Tissue,18Skinet,152,JFTKC,BRNR2,Black rat,NSW,Nareen Reserve,18SKinet_Tis_152_JFTKC_GCGTAGTA-TATCCTCT,ERS6633846
18S_kinet_Bl_158_JFTKC_GCTACGCT-GTAAGGAG,Bl_158,Sample,Blood,18Skinet,158,JFTKC,BRNR6,Black rat,NSW,Nareen Reserve,18SKinet_Bl_158_JFTKC_GCTACGCT-GTAAGGAG,ERS6633810
18S_kinet_Tis_168_JFRJB_TAGGCATG-TCGACTAG,Tis_168,Sample,Tissue,18Skinet,168,JFRJB,BRNR6,Black rat,NSW,Nareen Reserve,18SKinet_Tis_168_JFRJB_TAGGCATG-TCGACTAG,ERS6633861
18S_kinet_Bl_155_JFTKC_TAGGCATG-GTAAGGAG,Bl_155,Sample,Blood,18Skinet,155,JFTKC,BRNR8,Black rat,NSW,Nareen Reserve,18SKinet_Bl_155_JFTKC_TAGGCATG-GTAAGGAG,ERS6633807
18S_kinet_Bl_120_JFTKC_CAGAGAGG-CTCTCTAT,Bl_120,Sample,Blood,18Skinet,120,JFTKC,BRNR9,Black rat,NSW,Nareen Reserve,18SKinet_Bl_120_JFTKC_CAGAGAGG-CTCTCTAT,ERS6633774
18S_kinet_Bl_163_JFTKC_GGACTCCT-ACTGCATA,Bl_163,Sample,Blood,18Skinet,163,JFTKC,BRNR9,Black rat,NSW,Nareen Reserve,18SKinet_Bl_163_JFTKC_GGACTCCT-ACTGCATA,ERS6633815
18S_kinet_Tis_112_JFTKC_TCCTGAGC-AAGGAGTA,Tis_112,Sample,Tissue,18Skinet,112,JFTKC,BRNR9,Black rat,NSW,Nareen Reserve,18SKinet_Tis_112_JFTKC_TCCTGAGC-AAGGAGTA,ERS6633823
18S_kinet_Bl_162_JFTKC_TCCTGAGC-ACTGCATA,Bl_162,Sample,Blood,18Skinet,162,JFTKC,BRTH10,Black rat,NSW,Turimetta Headland,18SKinet_Bl_162_JFTKC_TCCTGAGC-ACTGCATA,ERS6633814
18S_kinet_Tis_115_JFTKC_CTCTCTAC-AAGGAGTA,Tis_115,Sample,Tissue,18Skinet,115,JFTKC,BRTH10,Black rat,NSW,Turimetta Headland,18SKinet_Tis_115_JFTKC_CTCTCTAC-AAGGAGTA,ERS6633826
18S_kinet_Bl_161_JFTKC_AGGCAGAA-ACTGCATA,Bl_161,Sample,Blood,18Skinet,161,JFTKC,BRTH11,Black rat,NSW,Turimetta Headland,18SKinet_Bl_161_JFTKC_AGGCAGAA-ACTGCATA,ERS6633813
18S_kinet_Tis_114_JFTKC_TAGGCATG-AAGGAGTA,Tis_114,Sample,Tissue,18Skinet,114,JFTKC,BRTH11,Black rat,NSW,Turimetta Headland,18SKinet_Tis_114_JFTKC_TAGGCATG-AAGGAGTA,ERS6633825
18S_kinet_Bl_160_JFTKC_CGTACTAG-ACTGCATA,Bl_160,Sample,Blood,18Skinet,160,JFTKC,BRTH12,Black rat,NSW,Turimetta Headland,18SKinet_Bl_160_JFTKC_CGTACTAG-ACTGCATA,ERS6633812
18S_kinet_Tis_108_JFTKC_GTAGAGGA-ACTGCATA,Tis_108,Sample,Tissue,18Skinet,108,JFTKC,BRTH12,Black rat,NSW,Turimetta Headland,18SKinet_Tis_108_JFTKC_GTAGAGGA-ACTGCATA,ERS6633819
18S_kinet_Bl_156_JFTKC_CTCTCTAC-GTAAGGAG,Bl_156,Sample,Blood,18Skinet,156,JFTKC,BRTH4,Black rat,NSW,Turimetta Headland,18SKinet_Bl_156_JFTKC_CTCTCTAC-GTAAGGAG,ERS6633808
18S_kinet_Tis_154_JFTKC_TACGCTGC-TATCCTCT,Tis_154,Sample,Tissue,18Skinet,154,JFTKC,BRTH4,Black rat,NSW,Turimetta Headland,18SKinet_Tis_154_JFTKC_TACGCTGC-TATCCTCT,ERS6633848
18S_kinet_Bl_118_JFTKC_TAGGCATG-CTCTCTAT,Bl_118,Sample,Blood,18Skinet,118,JFTKC,BRTH5,Black rat,NSW,Turimetta Headland,18SKinet_Bl_118_JFTKC_TAGGCATG-CTCTCTAT,ERS6633772
18S_kinet_Tis_166_JFRJB_TCCTGAGC-TCGACTAG,Tis_166,Sample,Tissue,18Skinet,166,JFRJB,BRTH5,Black rat,NSW,Turimetta Headland,18SKinet_Tis_166_JFRJB_TCCTGAGC-TCGACTAG,ERS6633859
18S_kinet_Tis_175_JFRJB_TAAGGCGA-TTCTAGCT,Tis_175,Sample,Tissue,18Skinet,175,JFRJB,BRTH6,Black rat,NSW,Turimetta Headland,18SKinet_Tis_175_JFRJB_TAAGGCGA-TTCTAGCT,ERS6633868
18S_kinet_Tk_222_JFRJB_GTAGAGGA-CCTAGAGT,Tk_222,Sample,Tick,18Skinet,222,JFRJB,BRTH6,Black rat,NSW,Turimetta Headland,18SKinet_Tk_222_JFRJB_GTAGAGGA-CCTAGAGT,ERS6634118
18S_kinet_Bl_117_JFTKC_GGACTCCT-CTCTCTAT,Bl_117,Sample,Blood,18Skinet,117,JFTKC,BRTH8,Black rat,NSW,Turimetta Headland,18SKinet_Bl_117_JFTKC_GGACTCCT-CTCTCTAT,ERS6633771
18S_kinet_Tis_176_JFRJB_CGTACTAG-TTCTAGCT,Tis_176,Sample,Tissue,18Skinet,176,JFRJB,BRTH8,Black rat,NSW,Turimetta Headland,18SKinet_Tis_176_JFRJB_CGTACTAG-TTCTAGCT,ERS6633869
18S_kinet_Bl_159_JFTKC_TAAGGCGA-ACTGCATA,Bl_159,Sample,Blood,18Skinet,159,JFTKC,BRTH9,Black rat,NSW,Turimetta Headland,18SKinet_Bl_159_JFTKC_TAAGGCGA-ACTGCATA,ERS6633811
18S_kinet_Tis_163_JFRJB_TAAGGCGA-TCGACTAG,Tis_163,Sample,Tissue,18Skinet,163,JFRJB,BRTH9,Black rat,NSW,Turimetta Headland,18SKinet_Tis_163_JFRJB_TAAGGCGA-TCGACTAG,ERS6633856
18S_kinet_Tk_213_JFRJB_TAAGGCGA-CCTAGAGT,Tk_213,Sample,Tick,18Skinet,213,JFRJB,BRTH9,Black rat,NSW,Turimetta Headland,18SKinet_Tk_213_JFRJB_TAAGGCGA-CCTAGAGT,ERS6634109
Blood_Bl32_18Skineto_JG7NC_ACTGAGCG-CCTAGAGT,Bl_32,Sample,Blood,18Skinet,32,JG7NC,BTP001,Brush tail possum,WA,Julimar State Forest,18SKinet_Bl_32_JG7NC_ACTGAGCG-CCTAGAGT,ERS6633906
Tick_Tk130_18Skineto_JCTYR_GCGTAGTA-TCGACTAG,Tk_130,Sample,Tick,18Skinet,130,JCTYR,BTP002,Brush tail possum,WA,Julimar State Forest,18SKinet_Tk_130_JCTYR_GCGTAGTA-TCGACTAG,ERS6634152
Tick_Tk129_18Skineto_JCTYR_GGAGCTAC-TCGACTAG,Tk_129,Sample,Tick,18Skinet,129,JCTYR,BTP003,Brush tail possum,WA,Julimar State Forest,18SKinet_Tk_129_JCTYR_GGAGCTAC-TCGACTAG,ERS6634150
Blood_Bl77_18Skineto_JG7NC_ACTGAGCG-GAGCCTTA,Bl_77,Sample,Blood,18Skinet,77,JG7NC,BTP010,Brush tail possum,WA,Julimar State Forest,18SKinet_Bl_77_JG7NC_ACTGAGCG-GAGCCTTA,ERS6633951
Tissue_Tis65_18Skineto_JG7NC_GCTCATGA-CTAAGCCT,Tis_65,Sample,Tissue,18Skinet,65,JG7NC,BTP011,Brush tail possum,WA,Julimar State Forest,18SKinet_Tis_65_JG7NC_GCTCATGA-CTAAGCCT,ERS6634042
Tissue_Tis66_18Skineto_JG7NC_ATCTCAGG-CTAAGCCT,Tis_66,Sample,Tissue,18Skinet,66,JG7NC,BTP014,Brush tail possum,WA,Julimar State Forest,18SKinet_Tis_66_JG7NC_ATCTCAGG-CTAAGCCT,ERS6634043
Blood_Bl78_18Skineto_JG7NC_CCTAAGAC-GAGCCTTA,Bl_78,Sample,Blood,18Skinet,78,JG7NC,BTP015,Brush tail possum,WA,Julimar State Forest,18SKinet_Bl_78_JG7NC_CCTAAGAC-GAGCCTTA,ERS6633952
Blood_Bl5_18Skineto_JG7NC_TACGCTGC-TCGACTAG,Bl_5,Sample,Blood,18Skinet,5,JG7NC,BTP030,Brush tail possum,NSW,North Head,18SKinet_Bl_5_JG7NC_TACGCTGC-TCGACTAG,ERS6633933
Blood_Bl6_18Skineto_JG7NC_ATGCGCAG-TCGACTAG,Bl_6,Sample,Blood,18Skinet,6,JG7NC,BTP031,Brush tail possum,NSW,North Head,18SKinet_Bl_6_JG7NC_ATGCGCAG-TCGACTAG,ERS6633943
Tick_Tk100_18Skineto_JCTYR_TACGCTGC-CTAAGCCT,Tk_100,Sample,Tick,18Skinet,100,JCTYR,BTP031,Brush tail possum,NSW,North Head,18SKinet_Tk_100_JCTYR_TACGCTGC-CTAAGCCT,ERS6634122
Tick_Tk38_18Skineto_JCTYR_GGAGCTAC-CTCTCTAT,Tk_38,Sample,Tick,18Skinet,38,JCTYR,BTP031,Brush tail possum,NSW,North Head,18SKinet_Tk_38_JCTYR_GGAGCTAC-CTCTCTAT,ERS6634175
Tissue_Tis21_18Skineto_JG7NC_AAGAGGCA-TATCCTCT,Tis_21,Sample,Tissue,18Skinet,21,JG7NC,BTP031,Brush tail possum,NSW,North Head,18SKinet_Tis_21_JG7NC_AAGAGGCA-TATCCTCT,ERS6633997
Blood_Bl7_18Skineto_JG7NC_TAGCGCTC-TCGACTAG,Bl_7,Sample,Blood,18Skinet,7,JG7NC,BTP032,Brush tail possum,NSW,North Head,18SKinet_Bl_7_JG7NC_TAGCGCTC-TCGACTAG,ERS6633954
Tick_Tk39_18Skineto_JCTYR_GCGTAGTA-CTCTCTAT,Tk_39,Sample,Tick,18Skinet,39,JCTYR,BTP032,Brush tail possum,NSW,North Head,18SKinet_Tk_39_JCTYR_GCGTAGTA-CTCTCTAT,ERS6634176
Tissue_Tis5_18Skineto_JG7NC_GGACTCCT-CTCTCTAT,Tis_5,Sample,Tissue,18Skinet,5,JG7NC,BTP032,Brush tail possum,NSW,North Head,18SKinet_Tis_5_JG7NC_GGACTCCT-CTCTCTAT,ERS6634037
Blood_Bl11_18Skineto_JG7NC_TGCAGCTA-TCGACTAG,Bl_11,Sample,Blood,18Skinet,11,JG7NC,BTP038,Brush tail possum,NSW,North Head,18SKinet_Bl_11_JG7NC_TGCAGCTA-TCGACTAG,ERS6633885
Tick_Tk40_18Skineto_JCTYR_CGGAGCCT-CTCTCTAT,Tk_40,Sample,Tick,18Skinet,40,JCTYR,BTP038,Brush tail possum,NSW,North Head,18SKinet_Tk_40_JCTYR_CGGAGCCT-CTCTCTAT,ERS6634178
Tick_Tk41_18Skineto_JCTYR_TACGCTGC-CTCTCTAT,Tk_41,Sample,Tick,18Skinet,41,JCTYR,BTP038,Brush tail possum,NSW,North Head,18SKinet_Tk_41_JCTYR_TACGCTGC-CTCTCTAT,ERS6634179
Tick_Tk42_18Skineto_JCTYR_ATGCGCAG-CTCTCTAT,Tk_42,Sample,Tick,18Skinet,42,JCTYR,BTP038,Brush tail possum,NSW,North Head,18SKinet_Tk_42_JCTYR_ATGCGCAG-CTCTCTAT,ERS6634180
Tick_Tk43_18Skineto_JCTYR_TAGCGCTC-CTCTCTAT,Tk_43,Sample,Tick,18Skinet,43,JCTYR,BTP038,Brush tail possum,NSW,North Head,18SKinet_Tk_43_JCTYR_TAGCGCTC-CTCTCTAT,ERS6634181
Tissue_Tis17_18Skineto_JG7NC_GGACTCCT-TATCCTCT,Tis_17,Sample,Tissue,18Skinet,17,JG7NC,BTP038,Brush tail possum,NSW,North Head,18SKinet_Tis_17_JG7NC_GGACTCCT-TATCCTCT,ERS6633992
Tissue_Tis26_18Skineto_JG7NC_CGTACTAG-GTAAGGAG,Tis_26,Sample,Tissue,18Skinet,26,JG7NC,BTP038,Brush tail possum,NSW,North Head,18SKinet_Tis_26_JG7NC_CGTACTAG-GTAAGGAG,ERS6634002
Blood_Bl20_18Skineto_JG7NC_ACTGAGCG-TTCTAGCT,Bl_20,Sample,Blood,18Skinet,20,JG7NC,BTP043,Brush tail possum,NSW,North Head,18SKinet_Bl_20_JG7NC_ACTGAGCG-TTCTAGCT,ERS6633894
Tick_Tk44_18Skineto_JCTYR_ACTGAGCG-CTCTCTAT,Tk_44,Sample,Tick,18Skinet,44,JCTYR,BTP043,Brush tail possum,NSW,North Head,18SKinet_Tk_44_JCTYR_ACTGAGCG-CTCTCTAT,ERS6634182
Tick_Tk45_18Skineto_JCTYR_CCTAAGAC-CTCTCTAT,Tk_45,Sample,Tick,18Skinet,45,JCTYR,BTP043,Brush tail possum,NSW,North Head,18SKinet_Tk_45_JCTYR_CCTAAGAC-CTCTCTAT,ERS6634183
Tick_Tk46_18Skineto_JCTYR_CGATCAGT-CTCTCTAT,Tk_46,Sample,Tick,18Skinet,46,JCTYR,BTP043,Brush tail possum,NSW,North Head,18SKinet_Tk_46_JCTYR_CGATCAGT-CTCTCTAT,ERS6634184
Tissue_Tis1_18Skineto_JG7NC_TAAGGCGA-CTCTCTAT,Tis_1,Sample,Tissue,18Skinet,1,JG7NC,BTP043,Brush tail possum,NSW,North Head,18SKinet_Tis_1_JG7NC_TAAGGCGA-CTCTCTAT,ERS6633995
Tissue_Tis3_18Skineto_JG7NC_AGGCAGAA-CTCTCTAT,Tis_3,Sample,Tissue,18Skinet,3,JG7NC,BTP043,Brush tail possum,NSW,North Head,18SKinet_Tis_3_JG7NC_AGGCAGAA-CTCTCTAT,ERS6634015
Blood_Bl18_18Skineto_JG7NC_ATGCGCAG-TTCTAGCT,Bl_18,Sample,Blood,18Skinet,18,JG7NC,BTP044,Brush tail possum,NSW,North Head,18SKinet_Bl_18_JG7NC_ATGCGCAG-TTCTAGCT,ERS6633891
Blood_Bl19_18Skineto_JG7NC_TAGCGCTC-TTCTAGCT,Bl_19,Sample,Blood,18Skinet,19,JG7NC,BTP044,Brush tail possum,NSW,North Head,18SKinet_Bl_19_JG7NC_TAGCGCTC-TTCTAGCT,ERS6633892
Tick_Tk22_18Skineto_JCTYR_CGAGGCTG-AAGGCTAT,Tk_22,Sample,Tick,18Skinet,22,JCTYR,BTP044,Brush tail possum,NSW,North Head,18SKinet_Tk_22_JCTYR_CGAGGCTG-AAGGCTAT,ERS6634168
Tick_Tk61_18Skineto_JCTYR_ACTCGCTA-GTAAGGAG,Tk_61,Sample,Tick,18Skinet,61,JCTYR,BTP044,Brush tail possum,NSW,North Head,18SKinet_Tk_61_JCTYR_ACTCGCTA-GTAAGGAG,ERS6634201
Tissue_Tis24_18Skineto_JG7NC_ATCTCAGG-TATCCTCT,Tis_24,Sample,Tissue,18Skinet,24,JG7NC,BTP044,Brush tail possum,NSW,North Head,18SKinet_Tis_24_JG7NC_ATCTCAGG-TATCCTCT,ERS6634000
Tissue_Tis96_18Skineto_JG7NC_GTAGAGGA-TCGACTAG,Tis_96,Sample,Tissue,18Skinet,96,JG7NC,BTP044,Brush tail possum,NSW,North Head,18SKinet_Tis_96_JG7NC_GTAGAGGA-TCGACTAG,ERS6634074
Blood_Bl24_18Skineto_JG7NC_TCGACGTC-TTCTAGCT,Bl_24,Sample,Blood,18Skinet,24,JG7NC,BTP047,Brush tail possum,NSW,North Head,18SKinet_Bl_24_JG7NC_TCGACGTC-TTCTAGCT,ERS6633898
Tick_Tk104_18Skineto_JCTYR_CCTAAGAC-CTAAGCCT,Tk_104,Sample,Tick,18Skinet,104,JCTYR,BTP047,Brush tail possum,NSW,North Head,18SKinet_Tk_104_JCTYR_CCTAAGAC-CTAAGCCT,ERS6634126
Tick_Tk48_18Skineto_JCTYR_TCGACGTC-CTCTCTAT,Tk_48,Sample,Tick,18Skinet,48,JCTYR,BTP047,Brush tail possum,NSW,North Head,18SKinet_Tk_48_JCTYR_TCGACGTC-CTCTCTAT,ERS6634186
Tick_Tk49_18Skineto_JCTYR_ACTCGCTA-TATCCTCT,Tk_49,Sample,Tick,18Skinet,49,JCTYR,BTP047,Brush tail possum,NSW,North Head,18SKinet_Tk_49_JCTYR_ACTCGCTA-TATCCTCT,ERS6634187
Tick_Tk50_18Skineto_JCTYR_GGAGCTAC-TATCCTCT,Tk_50,Sample,Tick,18Skinet,50,JCTYR,BTP047,Brush tail possum,NSW,North Head,18SKinet_Tk_50_JCTYR_GGAGCTAC-TATCCTCT,ERS6634189
Tissue_Tis4_18Skineto_JG7NC_TCCTGAGC-CTCTCTAT,Tis_4,Sample,Tissue,18Skinet,4,JG7NC,BTP047,Brush tail possum,NSW,North Head,18SKinet_Tis_4_JG7NC_TCCTGAGC-CTCTCTAT,ERS6634026
Tick_Tk51_18Skineto_JCTYR_GCGTAGTA-TATCCTCT,Tk_51,Sample,Tick,18Skinet,51,JCTYR,BTP050,Brush tail possum,NSW,North Head,18SKinet_Tk_51_JCTYR_GCGTAGTA-TATCCTCT,ERS6634190
Tick_Tk52_18Skineto_JCTYR_CGGAGCCT-TATCCTCT,Tk_52,Sample,Tick,18Skinet,52,JCTYR,BTP051,Brush tail possum,NSW,North Head,18SKinet_Tk_52_JCTYR_CGGAGCCT-TATCCTCT,ERS6634191
Tick_Tk53_18Skineto_JCTYR_TACGCTGC-TATCCTCT,Tk_53,Sample,Tick,18Skinet,53,JCTYR,BTP051,Brush tail possum,NSW,North Head,18SKinet_Tk_53_JCTYR_TACGCTGC-TATCCTCT,ERS6634192
Tick_Tk54_18Skineto_JCTYR_ATGCGCAG-TATCCTCT,Tk_54,Sample,Tick,18Skinet,54,JCTYR,BTP051,Brush tail possum,NSW,North Head,18SKinet_Tk_54_JCTYR_ATGCGCAG-TATCCTCT,ERS6634193
Tick_Tk89_18Skineto_JCTYR_ATGCGCAG-AAGGAGTA,Tk_89,Sample,Tick,18Skinet,89,JCTYR,BTP051,Brush tail possum,NSW,North Head,18SKinet_Tk_89_JCTYR_ATGCGCAG-AAGGAGTA,ERS6634229
Tissue_Tis19_18Skineto_JG7NC_CTCTCTAC-TATCCTCT,Tis_19,Sample,Tissue,18Skinet,19,JG7NC,BTP051,Brush tail possum,NSW,North Head,18SKinet_Tis_19_JG7NC_CTCTCTAC-TATCCTCT,ERS6633994
Blood_Bl27_18Skineto_JG7NC_GCGTAGTA-CCTAGAGT,Bl_27,Sample,Blood,18Skinet,27,JG7NC,BTP052,Brush tail possum,NSW,North Head,18SKinet_Bl_27_JG7NC_GCGTAGTA-CCTAGAGT,ERS6633900
Tick_Tk55_18Skineto_JCTYR_TAGCGCTC-TATCCTCT,Tk_55,Sample,Tick,18Skinet,55,JCTYR,BTP052,Brush tail possum,NSW,North Head,18SKinet_Tk_55_JCTYR_TAGCGCTC-TATCCTCT,ERS6634194
Tick_Tk56_18Skineto_JCTYR_ACTGAGCG-TATCCTCT,Tk_56,Sample,Tick,18Skinet,56,JCTYR,BTP052,Brush tail possum,NSW,North Head,18SKinet_Tk_56_JCTYR_ACTGAGCG-TATCCTCT,ERS6634195
Tick_Tk57_18Skineto_JCTYR_CCTAAGAC-TATCCTCT,Tk_57,Sample,Tick,18Skinet,57,JCTYR,BTP052,Brush tail possum,NSW,North Head,18SKinet_Tk_57_JCTYR_CCTAAGAC-TATCCTCT,ERS6634196
Blood_Bl28_18Skineto_JG7NC_CGGAGCCT-CCTAGAGT,Bl_28,Sample,Blood,18Skinet,28,JG7NC,BTP053,Brush tail possum,NSW,North Head,18SKinet_Bl_28_JG7NC_CGGAGCCT-CCTAGAGT,ERS6633901
Tissue_Tis2_18Skineto_JG7NC_CGTACTAG-CTCTCTAT,Tis_2,Sample,Tissue,18Skinet,2,JG7NC,BTP053,Brush tail possum,NSW,North Head,18SKinet_Tis_2_JG7NC_CGTACTAG-CTCTCTAT,ERS6634006
Blood_Bl29_18Skineto_JG7NC_TACGCTGC-CCTAGAGT,Bl_29,Sample,Blood,18Skinet,29,JG7NC,BTP054,Brush tail possum,NSW,North Head,18SKinet_Bl_29_JG7NC_TACGCTGC-CCTAGAGT,ERS6633902
Tick_Tk58_18Skineto_JCTYR_CGATCAGT-TATCCTCT,Tk_58,Sample,Tick,18Skinet,58,JCTYR,BTP054,Brush tail possum,NSW,North Head,18SKinet_Tk_58_JCTYR_CGATCAGT-TATCCTCT,ERS6634197
Tick_Tk59_18Skineto_JCTYR_TGCAGCTA-TATCCTCT,Tk_59,Sample,Tick,18Skinet,59,JCTYR,BTP054,Brush tail possum,NSW,North Head,18SKinet_Tk_59_JCTYR_TGCAGCTA-TATCCTCT,ERS6634198
Tick_Tk60_18Skineto_JCTYR_TCGACGTC-TATCCTCT,Tk_60,Sample,Tick,18Skinet,60,JCTYR,BTP054,Brush tail possum,NSW,North Head,18SKinet_Tk_60_JCTYR_TCGACGTC-TATCCTCT,ERS6634200
Blood_Bl48_18Skineto_JG7NC_GCGTAGTA-CTATTAAG,Bl_48,Sample,Blood,18Skinet,48,JG7NC,BTP101,Brush tail possum,NSW,Stapleton Reserve,18SKinet_Bl_48_JG7NC_GCGTAGTA-CTATTAAG,ERS6633921
Blood_Bl69_18Skineto_JG7NC_TCGACGTC-AAGGCTAT,Bl_69,Sample,Blood,18Skinet,69,JG7NC,BTP101,Brush tail possum,NSW,Stapleton Reserve,18SKinet_Bl_69_JG7NC_TCGACGTC-AAGGCTAT,ERS6633942
Tissue_Tis50_18Skineto_JG7NC_CGAGGCTG-AAGGAGTA,Tis_50,Sample,Tissue,18Skinet,50,JG7NC,BTP101,Brush tail possum,NSW,Stapleton Reserve,18SKinet_Tis_50_JG7NC_CGAGGCTG-AAGGAGTA,ERS6634027
Blood_Bl49_18Skineto_JG7NC_CGGAGCCT-CTATTAAG,Bl_49,Sample,Blood,18Skinet,49,JG7NC,BTP104,Brush tail possum,NSW,Stapleton Reserve,18SKinet_Bl_49_JG7NC_CGGAGCCT-CTATTAAG,ERS6633922
Blood_Bl70_18Skineto_JG7NC_ACTCGCTA-GAGCCTTA,Bl_70,Sample,Blood,18Skinet,70,JG7NC,BTP104,Brush tail possum,NSW,Stapleton Reserve,18SKinet_Bl_70_JG7NC_ACTCGCTA-GAGCCTTA,ERS6633944
Tissue_Tis51_18Skineto_JG7NC_AAGAGGCA-AAGGAGTA,Tis_51,Sample,Tissue,18Skinet,51,JG7NC,BTP104,Brush tail possum,NSW,Stapleton Reserve,18SKinet_Tis_51_JG7NC_AAGAGGCA-AAGGAGTA,ERS6634028
Tick_Tk113_18Skineto_JCTYR_ATGCGCAG-CGTCTAAT,Tk_113,Sample,Tick,18Skinet,113,JCTYR,BTP112,Brush tail possum,NSW,Stapleton Reserve,18SKinet_Tk_113_JCTYR_ATGCGCAG-CGTCTAAT,ERS6634135
Tick_Tk78_18Skineto_JCTYR_ATGCGCAG-ACTGCATA,Tk_78,Sample,Tick,18Skinet,78,JCTYR,BTP112,Brush tail possum,NSW,Stapleton Reserve,18SKinet_Tk_78_JCTYR_ATGCGCAG-ACTGCATA,ERS6634219
Tissue_Tis57_18Skineto_JG7NC_AGGCAGAA-CTAAGCCT,Tis_57,Sample,Tissue,18Skinet,57,JG7NC,BTP112,Brush tail possum,NSW,Stapleton Reserve,18SKinet_Tis_57_JG7NC_AGGCAGAA-CTAAGCCT,ERS6634034
Tissue_Tis58_18Skineto_JG7NC_TCCTGAGC-CTAAGCCT,Tis_58,Sample,Tissue,18Skinet,58,JG7NC,BTP112,Brush tail possum,NSW,Stapleton Reserve,18SKinet_Tis_58_JG7NC_TCCTGAGC-CTAAGCCT,ERS6634035
18S_kinet_Tk_160_JFTKC_CGGAGCCT-ACTGCATA,Tk_160,Sample,Tick,18Skinet,160,JFTKC,BTP206,Brush tail possum,NSW,Stapleton Reserve,18SKinet_Tk_160_JFTKC_CGGAGCCT-ACTGCATA,ERS6634094
18S_kinet_Tis_107_JFTKC_AAGAGGCA-ACTGCATA,Tis_107,Sample,Tissue,18Skinet,107,JFTKC,BTP305,Brush tail possum,NSW,Warriewood Wetlands,18SKinet_Tis_107_JFTKC_AAGAGGCA-ACTGCATA,ERS6633818
18S_kinet_Bl_144_JFTKC_CAGAGAGG-AGAGTAGA,Bl_144,Sample,Blood,18Skinet,144,JFTKC,BTP411,Brush tail possum,NSW,Dobroyd Head,18SKinet_Bl_144_JFTKC_CAGAGAGG-AGAGTAGA,ERS6633797
18S_kinet_Tis_131_JFTKC_AAGAGGCA-CTAAGCCT,Tis_131,Sample,Tissue,18Skinet,131,JFTKC,BTP411,Brush tail possum,NSW,Dobroyd Head,18SKinet_Tis_131_JFTKC_AAGAGGCA-CTAAGCCT,ERS6633833
18S_kinet_Bl_136_JFTKC_GTAGAGGA-TATCCTCT,Bl_136,Sample,Blood,18Skinet,136,JFTKC,BTP415,Brush tail possum,NSW,Dobroyd Head,18SKinet_Bl_136_JFTKC_GTAGAGGA-TATCCTCT,ERS6633789
18S_kinet_Bl_113_JFTKC_TAAGGCGA-CTCTCTAT,Bl_113,Sample,Blood,18Skinet,113,JFTKC,BTP420,Brush tail possum,NSW,Dobroyd Head,18SKinet_Bl_113_JFTKC_TAAGGCGA-CTCTCTAT,ERS6633767
18S_kinet_Tis_158_JFTKC_ACTCGCTA-AGAGTAGA,Tis_158,Sample,Tissue,18Skinet,158,JFTKC,BTP420,Brush tail possum,NSW,Dobroyd Head,18SKinet_Tis_158_JFTKC_ACTCGCTA-AGAGTAGA,ERS6633852
18S_kinet_Bl_140_JFTKC_TCCTGAGC-AGAGTAGA,Bl_140,Sample,Blood,18Skinet,140,JFTKC,BURAH4,Bush rat,NSW,Manly Dam,18SKinet_Bl_140_JFTKC_TCCTGAGC-AGAGTAGA,ERS6633793
18S_kinet_Tis_174_JFRJB_ATCTCAGG-TCGACTAG,Tis_174,Sample,Tissue,18Skinet,174,JFRJB,BURAH4,Bush rat,NSW,Manly Dam,18SKinet_Tis_174_JFRJB_ATCTCAGG-TCGACTAG,ERS6633867
18S_kinet_Tk_221_JFRJB_AAGAGGCA-CCTAGAGT,Tk_221,Sample,Tick,18Skinet,221,JFRJB,BURAH4,Bush rat,NSW,Manly Dam,18SKinet_Tk_221_JFRJB_AAGAGGCA-CCTAGAGT,ERS6634117
18S_kinet_Tis_167_JFRJB_GGACTCCT-TCGACTAG,Tis_167,Sample,Tissue,18Skinet,167,JFRJB,BURIR6,Bush rat,NSW,Warriewood Wetlands,18SKinet_Tis_167_JFRJB_GGACTCCT-TCGACTAG,ERS6633860
18S_kinet_Tk_216_JFRJB_TCCTGAGC-CCTAGAGT,Tk_216,Sample,Tick,18Skinet,216,JFRJB,BURIR6,Bush rat,NSW,Warriewood Wetlands,18SKinet_Tk_216_JFRJB_TCCTGAGC-CCTAGAGT,ERS6634112
18S_kinet_Tk_217_JFRJB_GGACTCCT-CCTAGAGT,Tk_217,Sample,Tick,18Skinet,217,JFRJB,BURIR6,Bush rat,NSW,Warriewood Wetlands,18SKinet_Tk_217_JFRJB_GGACTCCT-CCTAGAGT,ERS6634113
18S_kinet_Bl_124_JFTKC_GTAGAGGA-CTCTCTAT,Bl_124,Sample,Blood,18Skinet,124,JFTKC,BURIR9,Bush rat,NSW,Warriewood Wetlands,18SKinet_Bl_124_JFTKC_GTAGAGGA-CTCTCTAT,ERS6633778
18S_kinet_Tis_150_JFTKC_ACTCGCTA-TATCCTCT,Tis_150,Sample,Tissue,18Skinet,150,JFTKC,BURIR9,Bush rat,NSW,Warriewood Wetlands,18SKinet_Tis_150_JFTKC_ACTCGCTA-TATCCTCT,ERS6633844
Blood_BlC001Q_18Skineto_JG7NC_TAGGCATG-GCGTAAGA,Bl_C001Q,Sample,Blood,18Skinet,C001Q,JG7NC,CHU001,Chuditch,WA,Avon Valley,18SKinet_Bl_C001Q_JG7NC_TAGGCATG-GCGTAAGA,ERS6633975
Blood_BlC002M_18Skineto_JG7NC_GTAGAGGA-GCGTAAGA,Bl_C002M,Sample,Blood,18Skinet,C002M,JG7NC,CHU002,Chuditch,WA,Avon Valley,18SKinet_Bl_C002M_JG7NC_GTAGAGGA-GCGTAAGA,ERS6633976
Blood_BlC002Q_18Skineto_JG7NC_CTCTCTAC-GCGTAAGA,Bl_C002Q,Sample,Blood,18Skinet,C002Q,JG7NC,CHU002,Chuditch,WA,Avon Valley,18SKinet_Bl_C002Q_JG7NC_CTCTCTAC-GCGTAAGA,ERS6633977
Blood_BlC003M_18Skineto_JG7NC_ATCTCAGG-GCGTAAGA,Bl_C003M,Sample,Blood,18Skinet,C003M,JG7NC,CHU003,Chuditch,WA,Avon Valley,18SKinet_Bl_C003M_JG7NC_ATCTCAGG-GCGTAAGA,ERS6633978
Blood_BlC003Q_18Skineto_JG7NC_CGAGGCTG-GCGTAAGA,Bl_C003Q,Sample,Blood,18Skinet,C003Q,JG7NC,CHU003,Chuditch,WA,Avon Valley,18SKinet_Bl_C003Q_JG7NC_CGAGGCTG-GCGTAAGA,ERS6633979
Blood_Bl33_18Skineto_JG7NC_CCTAAGAC-CCTAGAGT,Bl_33,Sample,Blood,18Skinet,33,JG7NC,CHU006,Chuditch,WA,Julimar State Forest,18SKinet_Bl_33_JG7NC_CCTAAGAC-CCTAGAGT,ERS6633907
Blood_Bl34_18Skineto_JG7NC_CGATCAGT-CCTAGAGT,Bl_34,Sample,Blood,18Skinet,34,JG7NC,CHU008,Chuditch,WA,Julimar State Forest,18SKinet_Bl_34_JG7NC_CGATCAGT-CCTAGAGT,ERS6633908
Blood_Bl79_18Skineto_JG7NC_CGATCAGT-GAGCCTTA,Bl_79,Sample,Blood,18Skinet,79,JG7NC,CHU010,Chuditch,WA,Julimar State Forest,18SKinet_Bl_79_JG7NC_CGATCAGT-GAGCCTTA,ERS6633953
Tissue_Tis67_18Skineto_JG7NC_TAAGGCGA-CGTCTAAT,Tis_67,Sample,Tissue,18Skinet,67,JG7NC,CHU010,Chuditch,WA,Julimar State Forest,18SKinet_Tis_67_JG7NC_TAAGGCGA-CGTCTAAT,ERS6634044
Blood_Bl80_18Skineto_JG7NC_TGCAGCTA-GAGCCTTA,Bl_80,Sample,Blood,18Skinet,80,JG7NC,CHU011,Chuditch,WA,Julimar State Forest,18SKinet_Bl_80_JG7NC_TGCAGCTA-GAGCCTTA,ERS6633955
Blood_Bl81_18Skineto_JG7NC_TCGACGTC-GAGCCTTA,Bl_81,Sample,Blood,18Skinet,81,JG7NC,CHU012,Chuditch,WA,Julimar State Forest,18SKinet_Bl_81_JG7NC_TCGACGTC-GAGCCTTA,ERS6633956
Blood_Bl82_18Skineto_JG7NC_ACTCGCTA-TTATGCGA,Bl_82,Sample,Blood,18Skinet,82,JG7NC,CHU013,Chuditch,WA,Julimar State Forest,18SKinet_Bl_82_JG7NC_ACTCGCTA-TTATGCGA,ERS6633957
Blood_Bl83_18Skineto_JG7NC_GGAGCTAC-TTATGCGA,Bl_83,Sample,Blood,18Skinet,83,JG7NC,CHU014,Chuditch,WA,Julimar State Forest,18SKinet_Bl_83_JG7NC_GGAGCTAC-TTATGCGA,ERS6633958
Blood_Bl84_18Skineto_JG7NC_GCGTAGTA-TTATGCGA,Bl_84,Sample,Blood,18Skinet,84,JG7NC,CHU015,Chuditch,WA,Julimar State Forest,18SKinet_Bl_84_JG7NC_GCGTAGTA-TTATGCGA,ERS6633959
Blood_Bl85_18Skineto_JG7NC_CGGAGCCT-TTATGCGA,Bl_85,Sample,Blood,18Skinet,85,JG7NC,CHU016,Chuditch,WA,Julimar State Forest,18SKinet_Bl_85_JG7NC_CGGAGCCT-TTATGCGA,ERS6633960
Blood_Bl87_18Skineto_JG7NC_ATGCGCAG-TTATGCGA,Bl_87,Sample,Blood,18Skinet,87,JG7NC,CHU017,Chuditch,WA,Julimar State Forest,18SKinet_Bl_87_JG7NC_ATGCGCAG-TTATGCGA,ERS6633961
Blood_Bl88_18Skineto_JG7NC_TAGCGCTC-TTATGCGA,Bl_88,Sample,Blood,18Skinet,88,JG7NC,CHU018,Chuditch,WA,Julimar State Forest,18SKinet_Bl_88_JG7NC_TAGCGCTC-TTATGCGA,ERS6633962
Tissue_Tis68_18Skineto_JG7NC_CGTACTAG-CGTCTAAT,Tis_68,Sample,Tissue,18Skinet,68,JG7NC,CHU018,Chuditch,WA,Julimar State Forest,18SKinet_Tis_68_JG7NC_CGTACTAG-CGTCTAAT,ERS6634045
Blood_Bl89_18Skineto_JG7NC_ACTGAGCG-TTATGCGA,Bl_89,Sample,Blood,18Skinet,89,JG7NC,CHU019,Chuditch,WA,Julimar State Forest,18SKinet_Bl_89_JG7NC_ACTGAGCG-TTATGCGA,ERS6633963
Tissue_Tis69_18Skineto_JG7NC_AGGCAGAA-CGTCTAAT,Tis_69,Sample,Tissue,18Skinet,69,JG7NC,CHU019,Chuditch,WA,Julimar State Forest,18SKinet_Tis_69_JG7NC_AGGCAGAA-CGTCTAAT,ERS6634046
Blood_Bl90_18Skineto_JG7NC_CCTAAGAC-TTATGCGA,Bl_90,Sample,Blood,18Skinet,90,JG7NC,CHU020,Chuditch,WA,Julimar State Forest,18SKinet_Bl_90_JG7NC_CCTAAGAC-TTATGCGA,ERS6633965
Tissue_Tis70_18Skineto_JG7NC_TCCTGAGC-CGTCTAAT,Tis_70,Sample,Tissue,18Skinet,70,JG7NC,CHU020,Chuditch,WA,Julimar State Forest,18SKinet_Tis_70_JG7NC_TCCTGAGC-CGTCTAAT,ERS6634048
Blood_Bl91_18Skineto_JG7NC_CGATCAGT-TTATGCGA,Bl_91,Sample,Blood,18Skinet,91,JG7NC,CHU021,Chuditch,WA,Julimar State Forest,18SKinet_Bl_91_JG7NC_CGATCAGT-TTATGCGA,ERS6633966
Blood_Bl92_18Skineto_JG7NC_TAAGGCGA-TTCTAGCT,Bl_92,Sample,Blood,18Skinet,92,JG7NC,CHU022,Chuditch,WA,Julimar State Forest,18SKinet_Bl_92_JG7NC_TAAGGCGA-TTCTAGCT,ERS6633967
Tissue_Tis71_18Skineto_JG7NC_GGACTCCT-CGTCTAAT,Tis_71,Sample,Tissue,18Skinet,71,JG7NC,CHU022,Chuditch,WA,Julimar State Forest,18SKinet_Tis_71_JG7NC_GGACTCCT-CGTCTAAT,ERS6634049
Blood_Bl93_18Skineto_JG7NC_CGTACTAG-TTCTAGCT,Bl_93,Sample,Blood,18Skinet,93,JG7NC,CHU023,Chuditch,WA,Julimar State Forest,18SKinet_Bl_93_JG7NC_CGTACTAG-TTCTAGCT,ERS6633968
Tissue_Tis72_18Skineto_JG7NC_TAGGCATG-CGTCTAAT,Tis_72,Sample,Tissue,18Skinet,72,JG7NC,CHU023,Chuditch,WA,Julimar State Forest,18SKinet_Tis_72_JG7NC_TAGGCATG-CGTCTAAT,ERS6634050
Blood_Bl94_18Skineto_JG7NC_AGGCAGAA-TTCTAGCT,Bl_94,Sample,Blood,18Skinet,94,JG7NC,CHU025,Chuditch,WA,Julimar State Forest,18SKinet_Bl_94_JG7NC_AGGCAGAA-TTCTAGCT,ERS6633969
Tissue_Tis73_18Skineto_JG7NC_CTCTCTAC-CGTCTAAT,Tis_73,Sample,Tissue,18Skinet,73,JG7NC,CHU025,Chuditch,WA,Julimar State Forest,18SKinet_Tis_73_JG7NC_CTCTCTAC-CGTCTAAT,ERS6634051
Blood_Bl95_18Skineto_JG7NC_TCCTGAGC-TTCTAGCT,Bl_95,Sample,Blood,18Skinet,95,JG7NC,CHU026,Chuditch,WA,Julimar State Forest,18SKinet_Bl_95_JG7NC_TCCTGAGC-TTCTAGCT,ERS6633970
Tissue_Tis74_18Skineto_JG7NC_CGAGGCTG-CGTCTAAT,Tis_74,Sample,Tissue,18Skinet,74,JG7NC,CHU026,Chuditch,WA,Julimar State Forest,18SKinet_Tis_74_JG7NC_CGAGGCTG-CGTCTAAT,ERS6634052
Blood_Bl96_18Skineto_JG7NC_GGACTCCT-TTCTAGCT,Bl_96,Sample,Blood,18Skinet,96,JG7NC,CHU027,Chuditch,WA,Julimar State Forest,18SKinet_Bl_96_JG7NC_GGACTCCT-TTCTAGCT,ERS6633971
Tissue_Tis75_18Skineto_JG7NC_AAGAGGCA-CGTCTAAT,Tis_75,Sample,Tissue,18Skinet,75,JG7NC,CHU027,Chuditch,WA,Julimar State Forest,18SKinet_Tis_75_JG7NC_AAGAGGCA-CGTCTAAT,ERS6634053
Tick_Ecol10_18Skineto_JCTYR_CGGAGCCT-AAGGCTAT,Tk_Ecol10,SampleEcol,Tick,18Skinet,Ecol10,JCTYR,Ecol,Ecol,WA,Yanchep,#N/A,#N/A
Tick_Ecol11_18Skineto_JCTYR_TACGCTGC-AAGGCTAT,Tk_Ecol11,SampleEcol,Tick,18Skinet,Ecol11,JCTYR,Ecol,Ecol,WA,Yanchep,#N/A,#N/A
Tick_Ecol12_18Skineto_JCTYR_ATGCGCAG-AAGGCTAT,Tk_Ecol12,SampleEcol,Tick,18Skinet,Ecol12,JCTYR,Ecol,Ecol,WA,Yanchep,#N/A,#N/A
Tick_Ecol13_18Skineto_JCTYR_ACTCGCTA-GAGCCTTA,Tk_Ecol13,SampleEcol,Tick,18Skinet,Ecol13,JCTYR,Ecol,Ecol,WA,Yanchep,#N/A,#N/A
Tick_Ecol14_18Skineto_JCTYR_GGAGCTAC-GAGCCTTA,Tk_Ecol14,SampleEcol,Tick,18Skinet,Ecol14,JCTYR,Ecol,Ecol,WA,Yanchep,#N/A,#N/A
Tick_Ecol16_18Skineto_JCTYR_GCGTAGTA-GAGCCTTA,Tk_Ecol16,SampleEcol,Tick,18Skinet,Ecol16,JCTYR,Ecol,Ecol,WA,Yanchep,#N/A,#N/A
Tick_Ecol17_18Skineto_JCTYR_TACGCTGC-GAGCCTTA,Tk_Ecol17,SampleEcol,Tick,18Skinet,Ecol17,JCTYR,Ecol,Ecol,WA,Yanchep,#N/A,#N/A
Tick_Ecol18_18Skineto_JCTYR_ATGCGCAG-GAGCCTTA,Tk_Ecol18,SampleEcol,Tick,18Skinet,Ecol18,JCTYR,Ecol,Ecol,WA,Yanchep,#N/A,#N/A
Tick_Ecol19_18Skineto_JCTYR_ACTCGCTA-TTATGCGA,Tk_Ecol19,SampleEcol,Tick,18Skinet,Ecol19,JCTYR,Ecol,Ecol,WA,Yanchep,#N/A,#N/A
Tick_Ecol1_18Skineto_JCTYR_ACTCGCTA-CTATTAAG,Tk_Ecol1,SampleEcol,Tick,18Skinet,Ecol1,JCTYR,Ecol,Ecol,WA,Yanchep,#N/A,#N/A
Tick_Ecol20_18Skineto_JCTYR_GGAGCTAC-TTATGCGA,Tk_Ecol20,SampleEcol,Tick,18Skinet,Ecol20,JCTYR,Ecol,Ecol,WA,Yanchep,#N/A,#N/A
Tick_Ecol21_18Skineto_JCTYR_GCGTAGTA-TTATGCGA,Tk_Ecol21,SampleEcol,Tick,18Skinet,Ecol21,JCTYR,Ecol,Ecol,WA,Yanchep,#N/A,#N/A
Tick_Ecol22_18Skineto_JCTYR_CGGAGCCT-TTATGCGA,Tk_Ecol22,SampleEcol,Tick,18Skinet,Ecol22,JCTYR,Ecol,Ecol,WA,Yanchep,#N/A,#N/A
Tick_Ecol23_18Skineto_JCTYR_TACGCTGC-TTATGCGA,Tk_Ecol23,SampleEcol,Tick,18Skinet,Ecol23,JCTYR,Ecol,Ecol,WA,Yanchep,#N/A,#N/A
Tick_Ecol24_18Skineto_JCTYR_ATGCGCAG-TTATGCGA,Tk_Ecol24,SampleEcol,Tick,18Skinet,Ecol24,JCTYR,Ecol,Ecol,WA,Yanchep,#N/A,#N/A
Tick_Ecol2_18Skineto_JCTYR_GGAGCTAC-CTATTAAG,Tk_Ecol2,SampleEcol,Tick,18Skinet,Ecol2,JCTYR,Ecol,Ecol,WA,Yanchep,#N/A,#N/A
Tick_Ecol3_18Skineto_JCTYR_GCGTAGTA-CTATTAAG,Tk_Ecol3,SampleEcol,Tick,18Skinet,Ecol3,JCTYR,Ecol,Ecol,WA,Yanchep,#N/A,#N/A
Tick_Ecol4_18Skineto_JCTYR_CGGAGCCT-CTATTAAG,Tk_Ecol4,SampleEcol,Tick,18Skinet,Ecol4,JCTYR,Ecol,Ecol,WA,Yanchep,#N/A,#N/A
Tick_Ecol5_18Skineto_JCTYR_TACGCTGC-CTATTAAG,Tk_Ecol5,SampleEcol,Tick,18Skinet,Ecol5,JCTYR,Ecol,Ecol,WA,Yanchep,#N/A,#N/A
Tick_Ecol6_18Skineto_JCTYR_ATGCGCAG-CTATTAAG,Tk_Ecol6,SampleEcol,Tick,18Skinet,Ecol6,JCTYR,Ecol,Ecol,WA,Yanchep,#N/A,#N/A
Tick_Ecol7_18Skineto_JCTYR_ACTCGCTA-AAGGCTAT,Tk_Ecol7,SampleEcol,Tick,18Skinet,Ecol7,JCTYR,Ecol,Ecol,WA,Yanchep,#N/A,#N/A
Tick_Ecol8_18Skineto_JCTYR_GGAGCTAC-AAGGCTAT,Tk_Ecol8,SampleEcol,Tick,18Skinet,Ecol8,JCTYR,Ecol,Ecol,WA,Yanchep,#N/A,#N/A
Tick_Ecol9_18Skineto_JCTYR_GCGTAGTA-AAGGCTAT,Tk_Ecol9,SampleEcol,Tick,18Skinet,Ecol9,JCTYR,Ecol,Ecol,WA,Yanchep,#N/A,#N/A
18S_kinet_Tk_161_JFTKC_TACGCTGC-ACTGCATA,Tk_161,ControlNeg,Tick,18Skinet,161,JFTKC,EXB,EXB,Control,Control,#N/A,#N/A
18S_kinet_Tk_176_JFTKC_GGAGCTAC-CTAAGCCT,Tk_176,ControlNeg,Tick,18Skinet,176,JFTKC,EXB,EXB,Control,Control,#N/A,#N/A
Tick_Tk114_18Skineto_JCTYR_TAGCGCTC-CGTCTAAT,Tk_114,ControlNeg,Tick,18Skinet,114,JCTYR,EXB,EXB,Control,Control,#N/A,#N/A
Tick_Tk142_18Skineto_JCTYR_GCGTAGTA-CCTAGAGT,Tk_142,ControlNeg,Tick,18Skinet,142,JCTYR,EXB,EXB,Control,Control,#N/A,#N/A
Tick_Tk18_18Skineto_JCTYR_GGACTCCT-AAGGCTAT,Tk_19,Sample,Tick,18Skinet,19,JCTYR,ANT009,Brown antechinus,NSW,Warriewood Wetlands,#N/A,#N/A
Tick_Tk84_18Skineto_JCTYR_ACTCGCTA-AAGGAGTA,Tk_84,ControlNeg,Tick,18Skinet,84,JCTYR,EXB,EXB,Control,Control,#N/A,#N/A
Blood_Bl13_18Skineto_JG7NC_ACTCGCTA-TTCTAGCT,Bl_13,ControlNeg,Blood,18Skinet,13,JG7NC,EXB1,EXB,Control,Control,#N/A,#N/A
Tissue_Tis13_18Skineto_JG7NC_TAAGGCGA-TATCCTCT,Tis_13,ControlNeg,Tissue,18Skinet,13,JG7NC,EXB1,EXB,Control,Control,#N/A,#N/A
18S_kinet_Bl_164_JFTKC_TAGGCATG-ACTGCATA,Bl_164,ControlNeg,Blood,18Skinet,164,JFTKC,EXB10,EXB,Control,Control,#N/A,#N/A
18S_kinet_Tis_179_JFRJB_GGACTCCT-TTCTAGCT,Tis_179,ControlNeg,Tissue,18Skinet,179,JFRJB,EXB10,EXB,Control,Control,#N/A,#N/A
Blood_Bl26_18Skineto_JG7NC_GGAGCTAC-CCTAGAGT,Bl_27,Sample,Blood,18Skinet,27,JG7NC,BTP052,Brush tail possum,NSW,North Head,#N/A,#N/A
Tissue_Tis35_18Skineto_JG7NC_GCTCATGA-GTAAGGAG,Tis_35,ControlNeg,Tissue,18Skinet,35,JG7NC,EXB2,EXB,Control,Control,#N/A,#N/A
Blood_Bl35_18Skineto_JG7NC_TGCAGCTA-CCTAGAGT,Bl_35,ControlNeg,Blood,18Skinet,35,JG7NC,EXB3,EXB,Control,Control,#N/A,#N/A
Tissue_Tis36_18Skineto_JG7NC_ATCTCAGG-GTAAGGAG,Tis_36,ControlNeg,Tissue,18Skinet,36,JG7NC,EXB3,EXB,Control,Control,#N/A,#N/A
Blood_Bl36_18Skineto_JG7NC_TCGACGTC-CCTAGAGT,Bl_36,ControlNeg,Blood,18Skinet,36,JG7NC,EXB4,EXB,Control,Control,#N/A,#N/A
Tissue_Tis64_18Skineto_JG7NC_GTAGAGGA-CTAAGCCT,Tis_64,ControlNeg,Tissue,18Skinet,64,JG7NC,EXB4,EXB,Control,Control,#N/A,#N/A
Blood_Bl56_18Skineto_JG7NC_TGCAGCTA-CTATTAAG,Bl_56,ControlNeg,Blood,18Skinet,56,JG7NC,EXB5,EXB,Control,Control,#N/A,#N/A
Tissue_Tis76_18Skineto_JG7NC_GTAGAGGA-CGTCTAAT,Tis_76,ControlNeg,Tissue,18Skinet,76,JG7NC,EXB5,EXB,Control,Control,#N/A,#N/A
Blood_Bl67_18Skineto_JG7NC_CGATCAGT-AAGGCTAT,Bl_68,Sample,Blood,18Skinet,68,JG7NC,BR075,Black rat,NSW,Warriewood Wetlands,#N/A,#N/A
Tissue_Tis89_18Skineto_JG7NC_AAGAGGCA-CCTAGAGT,Tis_89,ControlNeg,Tissue,18Skinet,89,JG7NC,EXB6,EXB,Control,Control,#N/A,#N/A
Blood_Bl86_18Skineto_JG7NC_TACGCTGC-TTATGCGA,Bl_86,ControlNeg,Blood,18Skinet,86,JG7NC,EXB7,EXB,Control,Control,#N/A,#N/A
Tissue_Tis104_18Skineto_JG7NC_TAGGCATG-CCTAGAGT,Tis_104,ControlNeg,Tissue,18Skinet,104,JG7NC,EXB7,EXB,Control,Control,#N/A,#N/A
18S_kinet_Tis_129_JFTKC_GCTACGCT-CTAAGCCT,Tis_129,ControlNeg,Tissue,18Skinet,129,JFTKC,EXB8,EXB,Control,Control,#N/A,#N/A
Blood_Bl112_18Skineto_JG7NC_AAGAGGCA-TCGACTAG,Bl_112,ControlNeg,Blood,18Skinet,112,JG7NC,EXB8,EXB,Control,Control,#N/A,#N/A
18S_kinet_Bl_129_JFTKC_GGACTCCT-TATCCTCT,Bl_129,ControlNeg,Blood,18Skinet,129,JFTKC,EXB9,EXB,Control,Control,#N/A,#N/A
18S_kinet_Tis_160_JFTKC_GCGTAGTA-AGAGTAGA,Tis_160,ControlNeg,Tissue,18Skinet,160,JFTKC,EXB9,EXB,Control,Control,#N/A,#N/A
Blood_BlexbM_18Skineto_JG7NC_TAAGGCGA-CTATTAAG,Bl_exbM,ControlNeg,Blood,18Skinet,exbM,JG7NC,EXBM,EXB,Control,Control,#N/A,#N/A
Blood_BlexbQ_18Skineto_JG7NC_GCTCATGA-GCGTAAGA,Bl_exbQ,ControlNeg,Blood,18Skinet,exbQ,JG7NC,EXBQ,EXB,Control,Control,#N/A,#N/A
Tick_Tk1_18Skineto_JCTYR_TCCTGAGC-CTATTAAG,Tk_1,Sample,Tick,18Skinet,1,JCTYR,LNB015,Long-nosed bandicoot,NSW,Warriewood Wetlands,18SKinet_Tk_1_JCTYR_TCCTGAGC-CTATTAAG,ERS6634166
Tick_Tk2_18Skineto_JCTYR_GGACTCCT-CTATTAAG,Tk_2,Sample,Tick,18Skinet,2,JCTYR,LNB015,Long-nosed bandicoot,NSW,Warriewood Wetlands,18SKinet_Tk_2_JCTYR_GGACTCCT-CTATTAAG,ERS6634173
Tick_Tk3_18Skineto_JCTYR_TAGGCATG-CTATTAAG,Tk_3,Sample,Tick,18Skinet,3,JCTYR,LNB015,Long-nosed bandicoot,NSW,Warriewood Wetlands,18SKinet_Tk_3_JCTYR_TAGGCATG-CTATTAAG,ERS6634177
Tick_Tk4_18Skineto_JCTYR_CTCTCTAC-CTATTAAG,Tk_4,Sample,Tick,18Skinet,4,JCTYR,LNB015,Long-nosed bandicoot,NSW,Warriewood Wetlands,18SKinet_Tk_4_JCTYR_CTCTCTAC-CTATTAAG,ERS6634188
Tick_Tk5_18Skineto_JCTYR_CGAGGCTG-CTATTAAG,Tk_5,Sample,Tick,18Skinet,5,JCTYR,LNB015,Long-nosed bandicoot,NSW,Warriewood Wetlands,18SKinet_Tk_5_JCTYR_CGAGGCTG-CTATTAAG,ERS6634199
Tick_Tk6_18Skineto_JCTYR_AAGAGGCA-CTATTAAG,Tk_6,Sample,Tick,18Skinet,6,JCTYR,LNB015,Long-nosed bandicoot,NSW,Warriewood Wetlands,18SKinet_Tk_6_JCTYR_AAGAGGCA-CTATTAAG,ERS6634210
Tick_Tk8_18Skineto_JCTYR_GTAGAGGA-CTATTAAG,Tk_8,Sample,Tick,18Skinet,8,JCTYR,LNB016,Long-nosed bandicoot,NSW,Warriewood Wetlands,18SKinet_Tk_8_JCTYR_GTAGAGGA-CTATTAAG,ERS6634230
Tick_Tk9_18Skineto_JCTYR_GCTCATGA-CTATTAAG,Tk_9,Sample,Tick,18Skinet,9,JCTYR,LNB016,Long-nosed bandicoot,NSW,Warriewood Wetlands,18SKinet_Tk_9_JCTYR_GCTCATGA-CTATTAAG,ERS6634241
Tissue_Tis7_18Skineto_JG7NC_CTCTCTAC-CTCTCTAT,Tis_7,Sample,Tissue,18Skinet,7,JG7NC,LNB016,Long-nosed bandicoot,NSW,Warriewood Wetlands,18SKinet_Tis_7_JG7NC_CTCTCTAC-CTCTCTAT,ERS6634057
Blood_Bl8_18Skineto_JG7NC_ACTGAGCG-TCGACTAG,Bl_8,Sample,Blood,18Skinet,8,JG7NC,LNB033,Long-nosed bandicoot,NSW,North Head,18SKinet_Bl_8_JG7NC_ACTGAGCG-TCGACTAG,ERS6633964
Tick_Tk103_18Skineto_JCTYR_ACTGAGCG-CTAAGCCT,Tk_103,Sample,Tick,18Skinet,103,JCTYR,LNB033,Long-nosed bandicoot,NSW,North Head,18SKinet_Tk_103_JCTYR_ACTGAGCG-CTAAGCCT,ERS6634125
Tissue_Tis16_18Skineto_JG7NC_TCCTGAGC-TATCCTCT,Tis_16,Sample,Tissue,18Skinet,16,JG7NC,LNB033,Long-nosed bandicoot,NSW,North Head,18SKinet_Tis_16_JG7NC_TCCTGAGC-TATCCTCT,ERS6633991
Tissue_Tis34_18Skineto_JG7NC_GTAGAGGA-GTAAGGAG,Tis_34,Sample,Tissue,18Skinet,34,JG7NC,LNB035,Long-nosed bandicoot,NSW,North Head,18SKinet_Tis_34_JG7NC_GTAGAGGA-GTAAGGAG,ERS6634011
Tissue_Tis20_18Skineto_JG7NC_CGAGGCTG-TATCCTCT,Tis_20,Sample,Tissue,18Skinet,20,JG7NC,LNB040,Long-nosed bandicoot,NSW,North Head,18SKinet_Tis_20_JG7NC_CGAGGCTG-TATCCTCT,ERS6633996
Blood_Bl22_18Skineto_JG7NC_CGATCAGT-TTCTAGCT,Bl_22,Sample,Blood,18Skinet,22,JG7NC,LNB041,Long-nosed bandicoot,NSW,North Head,18SKinet_Bl_22_JG7NC_CGATCAGT-TTCTAGCT,ERS6633896
Tick_Tk102_18Skineto_JCTYR_TAGCGCTC-CTAAGCCT,Tk_102,Sample,Tick,18Skinet,102,JCTYR,LNB041,Long-nosed bandicoot,NSW,North Head,18SKinet_Tk_102_JCTYR_TAGCGCTC-CTAAGCCT,ERS6634124
Tick_Tk26_18Skineto_JCTYR_GTAGAGGA-AAGGCTAT,Tk_26,Sample,Tick,18Skinet,26,JCTYR,LNB041,Long-nosed bandicoot,NSW,North Head,18SKinet_Tk_26_JCTYR_GTAGAGGA-AAGGCTAT,ERS6634170
Tick_Tk27_18Skineto_JCTYR_GCTCATGA-AAGGCTAT,Tk_27,Sample,Tick,18Skinet,27,JCTYR,LNB041,Long-nosed bandicoot,NSW,North Head,18SKinet_Tk_27_JCTYR_GCTCATGA-AAGGCTAT,ERS6634171
Tissue_Tis11_18Skineto_JG7NC_GCTCATGA-CTCTCTAT,Tis_11,Sample,Tissue,18Skinet,11,JG7NC,LNB041,Long-nosed bandicoot,NSW,North Head,18SKinet_Tis_11_JG7NC_GCTCATGA-CTCTCTAT,ERS6633987
Blood_Bl21_18Skineto_JG7NC_CCTAAGAC-TTCTAGCT,Bl_21,Sample,Blood,18Skinet,21,JG7NC,LNB045,Long-nosed bandicoot,NSW,North Head,18SKinet_Bl_21_JG7NC_CCTAAGAC-TTCTAGCT,ERS6633895
Tissue_Tis10_18Skineto_JG7NC_GTAGAGGA-CTCTCTAT,Tis_10,Sample,Tissue,18Skinet,10,JG7NC,LNB045,Long-nosed bandicoot,NSW,North Head,18SKinet_Tis_10_JG7NC_GTAGAGGA-CTCTCTAT,ERS6633986
Blood_Bl23_18Skineto_JG7NC_TGCAGCTA-TTCTAGCT,Bl_23,Sample,Blood,18Skinet,23,JG7NC,LNB046,Long-nosed bandicoot,NSW,North Head,18SKinet_Bl_23_JG7NC_TGCAGCTA-TTCTAGCT,ERS6633897
Tick_Tk47_18Skineto_JCTYR_TGCAGCTA-CTCTCTAT,Tk_47,Sample,Tick,18Skinet,47,JCTYR,LNB046,Long-nosed bandicoot,NSW,North Head,18SKinet_Tk_47_JCTYR_TGCAGCTA-CTCTCTAT,ERS6634185
Tissue_Tis12_18Skineto_JG7NC_ATCTCAGG-CTCTCTAT,Tis_12,Sample,Tissue,18Skinet,12,JG7NC,LNB046,Long-nosed bandicoot,NSW,North Head,18SKinet_Tis_12_JG7NC_ATCTCAGG-CTCTCTAT,ERS6633988
Tissue_Tis15_18Skineto_JG7NC_AGGCAGAA-TATCCTCT,Tis_15,Sample,Tissue,18Skinet,15,JG7NC,LNB049,Long-nosed bandicoot,NSW,North Head,18SKinet_Tis_15_JG7NC_AGGCAGAA-TATCCTCT,ERS6633990
Tick_Tk115_18Skineto_JCTYR_ACTGAGCG-CGTCTAAT,Tk_115,Sample,Tick,18Skinet,115,JCTYR,LNB060,Long-nosed bandicoot,NSW,Warriewood Wetlands,18SKinet_Tk_115_JCTYR_ACTGAGCG-CGTCTAAT,ERS6634136
Tick_Tk64_18Skineto_JCTYR_CGGAGCCT-GTAAGGAG,Tk_64,Sample,Tick,18Skinet,64,JCTYR,LNB060,Long-nosed bandicoot,NSW,Warriewood Wetlands,18SKinet_Tk_64_JCTYR_CGGAGCCT-GTAAGGAG,ERS6634204
Tissue_Tis77_18Skineto_JG7NC_GCTCATGA-CGTCTAAT,Tis_77,Sample,Tissue,18Skinet,77,JG7NC,LNB061,Long-nosed bandicoot,NSW,Warriewood Wetlands,18SKinet_Tis_77_JG7NC_GCTCATGA-CGTCTAAT,ERS6634054
Blood_Bl50_18Skineto_JG7NC_TACGCTGC-CTATTAAG,Bl_50,Sample,Blood,18Skinet,50,JG7NC,LNB106,Long-nosed bandicoot,NSW,Stapleton Reserve,18SKinet_Bl_50_JG7NC_TACGCTGC-CTATTAAG,ERS6633924
Blood_Bl71_18Skineto_JG7NC_GGAGCTAC-GAGCCTTA,Bl_71,Sample,Blood,18Skinet,71,JG7NC,LNB106,Long-nosed bandicoot,NSW,Stapleton Reserve,18SKinet_Bl_71_JG7NC_GGAGCTAC-GAGCCTTA,ERS6633945
Tissue_Tis52_18Skineto_JG7NC_GTAGAGGA-AAGGAGTA,Tis_52,Sample,Tissue,18Skinet,52,JG7NC,LNB106,Long-nosed bandicoot,NSW,Stapleton Reserve,18SKinet_Tis_52_JG7NC_GTAGAGGA-AAGGAGTA,ERS6634029
Blood_Bl51_18Skineto_JG7NC_ATGCGCAG-CTATTAAG,Bl_51,Sample,Blood,18Skinet,51,JG7NC,LNB107,Long-nosed bandicoot,NSW,Stapleton Reserve,18SKinet_Bl_51_JG7NC_ATGCGCAG-CTATTAAG,ERS6633925
Blood_Bl72_18Skineto_JG7NC_GCGTAGTA-GAGCCTTA,Bl_72,Sample,Blood,18Skinet,72,JG7NC,LNB107,Long-nosed bandicoot,NSW,Stapleton Reserve,18SKinet_Bl_72_JG7NC_GCGTAGTA-GAGCCTTA,ERS6633946
Tissue_Tis53_18Skineto_JG7NC_GCTCATGA-AAGGAGTA,Tis_53,Sample,Tissue,18Skinet,53,JG7NC,LNB107,Long-nosed bandicoot,NSW,Stapleton Reserve,18SKinet_Tis_53_JG7NC_GCTCATGA-AAGGAGTA,ERS6634030
Blood_Bl52_18Skineto_JG7NC_TAGCGCTC-CTATTAAG,Bl_52,Sample,Blood,18Skinet,52,JG7NC,LNB108,Long-nosed bandicoot,NSW,Stapleton Reserve,18SKinet_Bl_52_JG7NC_TAGCGCTC-CTATTAAG,ERS6633926
Blood_Bl73_18Skineto_JG7NC_CGGAGCCT-GAGCCTTA,Bl_73,Sample,Blood,18Skinet,73,JG7NC,LNB108,Long-nosed bandicoot,NSW,Stapleton Reserve,18SKinet_Bl_73_JG7NC_CGGAGCCT-GAGCCTTA,ERS6633947
Tick_Tk79_18Skineto_JCTYR_TAGCGCTC-ACTGCATA,Tk_79,Sample,Tick,18Skinet,79,JCTYR,LNB108,Long-nosed bandicoot,NSW,Stapleton Reserve,18SKinet_Tk_79_JCTYR_TAGCGCTC-ACTGCATA,ERS6634220
Tick_Tk80_18Skineto_JCTYR_ACTGAGCG-ACTGCATA,Tk_80,Sample,Tick,18Skinet,80,JCTYR,LNB108,Long-nosed bandicoot,NSW,Stapleton Reserve,18SKinet_Tk_80_JCTYR_ACTGAGCG-ACTGCATA,ERS6634221
Tick_Tk81_18Skineto_JCTYR_CCTAAGAC-ACTGCATA,Tk_81,Sample,Tick,18Skinet,81,JCTYR,LNB108,Long-nosed bandicoot,NSW,Stapleton Reserve,18SKinet_Tk_81_JCTYR_CCTAAGAC-ACTGCATA,ERS6634222
Tick_Tk82_18Skineto_JCTYR_CGATCAGT-ACTGCATA,Tk_82,Sample,Tick,18Skinet,82,JCTYR,LNB108,Long-nosed bandicoot,NSW,Stapleton Reserve,18SKinet_Tk_82_JCTYR_CGATCAGT-ACTGCATA,ERS6634223
Tick_Tk83_18Skineto_JCTYR_TGCAGCTA-ACTGCATA,Tk_83,Sample,Tick,18Skinet,83,JCTYR,LNB108,Long-nosed bandicoot,NSW,Stapleton Reserve,18SKinet_Tk_83_JCTYR_TGCAGCTA-ACTGCATA,ERS6634224
Tissue_Tis54_18Skineto_JG7NC_ATCTCAGG-AAGGAGTA,Tis_54,Sample,Tissue,18Skinet,54,JG7NC,LNB108,Long-nosed bandicoot,NSW,Stapleton Reserve,18SKinet_Tis_54_JG7NC_ATCTCAGG-AAGGAGTA,ERS6634031
Tick_Tk74_18Skineto_JCTYR_GGAGCTAC-ACTGCATA,Tk_74,Sample,Tick,18Skinet,74,JCTYR,LNB109,Long-nosed bandicoot,NSW,Stapleton Reserve,18SKinet_Tk_74_JCTYR_GGAGCTAC-ACTGCATA,ERS6634215
18S_kinet_Tk_155_JFTKC_TAGCGCTC-GTAAGGAG,Tk_155,Sample,Tick,18Skinet,155,JFTKC,LNB110,Long-nosed bandicoot,NSW,Stapleton Reserve,18SKinet_Tk_155_JFTKC_TAGCGCTC-GTAAGGAG,ERS6634089
Blood_Bl53_18Skineto_JG7NC_ACTGAGCG-CTATTAAG,Bl_53,Sample,Blood,18Skinet,53,JG7NC,LNB110,Long-nosed bandicoot,NSW,Stapleton Reserve,18SKinet_Bl_53_JG7NC_ACTGAGCG-CTATTAAG,ERS6633927
Blood_Bl74_18Skineto_JG7NC_TACGCTGC-GAGCCTTA,Bl_74,Sample,Blood,18Skinet,74,JG7NC,LNB110,Long-nosed bandicoot,NSW,Stapleton Reserve,18SKinet_Bl_74_JG7NC_TACGCTGC-GAGCCTTA,ERS6633948
Tick_Tk72_18Skineto_JCTYR_TCGACGTC-GTAAGGAG,Tk_72,Sample,Tick,18Skinet,72,JCTYR,LNB110,Long-nosed bandicoot,NSW,Stapleton Reserve,18SKinet_Tk_72_JCTYR_TCGACGTC-GTAAGGAG,ERS6634213
Tick_Tk73_18Skineto_JCTYR_ACTCGCTA-ACTGCATA,Tk_73,Sample,Tick,18Skinet,73,JCTYR,LNB110,Long-nosed bandicoot,NSW,Stapleton Reserve,18SKinet_Tk_73_JCTYR_ACTCGCTA-ACTGCATA,ERS6634214
Tissue_Tis55_18Skineto_JG7NC_TAAGGCGA-CTAAGCCT,Tis_55,Sample,Tissue,18Skinet,55,JG7NC,LNB110,Long-nosed bandicoot,NSW,Stapleton Reserve,18SKinet_Tis_55_JG7NC_TAAGGCGA-CTAAGCCT,ERS6634032
Tick_Tk109_18Skineto_JCTYR_GGAGCTAC-CGTCTAAT,Tk_109,Sample,Tick,18Skinet,109,JCTYR,LNB111,Long-nosed bandicoot,NSW,Stapleton Reserve,18SKinet_Tk_109_JCTYR_GGAGCTAC-CGTCTAAT,ERS6634131
Tick_Tk75_18Skineto_JCTYR_GCGTAGTA-ACTGCATA,Tk_75,Sample,Tick,18Skinet,75,JCTYR,LNB111,Long-nosed bandicoot,NSW,Stapleton Reserve,18SKinet_Tk_75_JCTYR_GCGTAGTA-ACTGCATA,ERS6634216
Tick_Tk76_18Skineto_JCTYR_CGGAGCCT-ACTGCATA,Tk_76,Sample,Tick,18Skinet,76,JCTYR,LNB111,Long-nosed bandicoot,NSW,Stapleton Reserve,18SKinet_Tk_76_JCTYR_CGGAGCCT-ACTGCATA,ERS6634217
Tick_Tk77_18Skineto_JCTYR_TACGCTGC-ACTGCATA,Tk_77,Sample,Tick,18Skinet,77,JCTYR,LNB111,Long-nosed bandicoot,NSW,Stapleton Reserve,18SKinet_Tk_77_JCTYR_TACGCTGC-ACTGCATA,ERS6634218
Tissue_Tis56_18Skineto_JG7NC_CGTACTAG-CTAAGCCT,Tis_56,Sample,Tissue,18Skinet,56,JG7NC,LNB111,Long-nosed bandicoot,NSW,Stapleton Reserve,18SKinet_Tis_56_JG7NC_CGTACTAG-CTAAGCCT,ERS6634033
Tissue_Tis79_18Skineto_JG7NC_TAAGGCGA-TCTCTCCG,Tis_79,Sample,Tissue,18Skinet,79,JG7NC,LNB111,Long-nosed bandicoot,NSW,Stapleton Reserve,18SKinet_Tis_79_JG7NC_TAAGGCGA-TCTCTCCG,ERS6634056
Blood_Bl54_18Skineto_JG7NC_CCTAAGAC-CTATTAAG,Bl_54,Sample,Blood,18Skinet,54,JG7NC,LNB113,Long-nosed bandicoot,NSW,Stapleton Reserve,18SKinet_Bl_54_JG7NC_CCTAAGAC-CTATTAAG,ERS6633928
Blood_Bl75_18Skineto_JG7NC_ATGCGCAG-GAGCCTTA,Bl_75,Sample,Blood,18Skinet,75,JG7NC,LNB113,Long-nosed bandicoot,NSW,Stapleton Reserve,18SKinet_Bl_75_JG7NC_ATGCGCAG-GAGCCTTA,ERS6633949
Tick_Tk65_18Skineto_JCTYR_TACGCTGC-GTAAGGAG,Tk_65,Sample,Tick,18Skinet,65,JCTYR,LNB113,Long-nosed bandicoot,NSW,Stapleton Reserve,18SKinet_Tk_65_JCTYR_TACGCTGC-GTAAGGAG,ERS6634205
Tick_Tk66_18Skineto_JCTYR_ATGCGCAG-GTAAGGAG,Tk_66,Sample,Tick,18Skinet,66,JCTYR,LNB113,Long-nosed bandicoot,NSW,Stapleton Reserve,18SKinet_Tk_66_JCTYR_ATGCGCAG-GTAAGGAG,ERS6634206
Tick_Tk67_18Skineto_JCTYR_TAGCGCTC-GTAAGGAG,Tk_67,Sample,Tick,18Skinet,67,JCTYR,LNB113,Long-nosed bandicoot,NSW,Stapleton Reserve,18SKinet_Tk_67_JCTYR_TAGCGCTC-GTAAGGAG,ERS6634207
Tick_Tk68_18Skineto_JCTYR_ACTGAGCG-GTAAGGAG,Tk_68,Sample,Tick,18Skinet,68,JCTYR,LNB113,Long-nosed bandicoot,NSW,Stapleton Reserve,18SKinet_Tk_68_JCTYR_ACTGAGCG-GTAAGGAG,ERS6634208
Tick_Tk69_18Skineto_JCTYR_CCTAAGAC-GTAAGGAG,Tk_69,Sample,Tick,18Skinet,69,JCTYR,LNB113,Long-nosed bandicoot,NSW,Stapleton Reserve,18SKinet_Tk_69_JCTYR_CCTAAGAC-GTAAGGAG,ERS6634209
Tick_Tk70_18Skineto_JCTYR_CGATCAGT-GTAAGGAG,Tk_70,Sample,Tick,18Skinet,70,JCTYR,LNB113,Long-nosed bandicoot,NSW,Stapleton Reserve,18SKinet_Tk_70_JCTYR_CGATCAGT-GTAAGGAG,ERS6634211
Tick_Tk71_18Skineto_JCTYR_TGCAGCTA-GTAAGGAG,Tk_71,Sample,Tick,18Skinet,71,JCTYR,LNB113,Long-nosed bandicoot,NSW,Stapleton Reserve,18SKinet_Tk_71_JCTYR_TGCAGCTA-GTAAGGAG,ERS6634212
Tissue_Tis59_18Skineto_JG7NC_GGACTCCT-CTAAGCCT,Tis_59,Sample,Tissue,18Skinet,59,JG7NC,LNB113,Long-nosed bandicoot,NSW,Stapleton Reserve,18SKinet_Tis_59_JG7NC_GGACTCCT-CTAAGCCT,ERS6634036
Tick_Tk62_18Skineto_JCTYR_GGAGCTAC-GTAAGGAG,Tk_62,Sample,Tick,18Skinet,62,JCTYR,LNB150,Long-nosed bandicoot,NSW,Condover Reserve,18SKinet_Tk_62_JCTYR_GGAGCTAC-GTAAGGAG,ERS6634202
Tissue_Tis78_18Skineto_JG7NC_ATCTCAGG-CGTCTAAT,Tis_78,Sample,Tissue,18Skinet,78,JG7NC,LNB150,Long-nosed bandicoot,NSW,Condover Reserve,18SKinet_Tis_78_JG7NC_ATCTCAGG-CGTCTAAT,ERS6634055
Tick_Tk120_18Skineto_JCTYR_ACTCGCTA-TCTCTCCG,Tk_120,Sample,Tick,18Skinet,120,JCTYR,LNB201,Long-nosed bandicoot,NSW,Stapleton Reserve,18SKinet_Tk_120_JCTYR_ACTCGCTA-TCTCTCCG,ERS6634142
Tissue_Tis84_18Skineto_JG7NC_TAGGCATG-TCTCTCCG,Tis_84,Sample,Tissue,18Skinet,84,JG7NC,LNB201,Long-nosed bandicoot,NSW,Stapleton Reserve,18SKinet_Tis_84_JG7NC_TAGGCATG-TCTCTCCG,ERS6634062
18S_kinet_Tk_162_JFTKC_ATGCGCAG-ACTGCATA,Tk_162,Sample,Tick,18Skinet,162,JFTKC,LNB202,Long-nosed bandicoot,NSW,Stapleton Reserve,18SKinet_Tk_162_JFTKC_ATGCGCAG-ACTGCATA,ERS6634095
18S_kinet_Tk_163_JFTKC_TAGCGCTC-ACTGCATA,Tk_163,Sample,Tick,18Skinet,163,JFTKC,LNB202,Long-nosed bandicoot,NSW,Stapleton Reserve,18SKinet_Tk_163_JFTKC_TAGCGCTC-ACTGCATA,ERS6634096
18S_kinet_Tk_164_JFTKC_ACTGAGCG-ACTGCATA,Tk_164,Sample,Tick,18Skinet,164,JFTKC,LNB202,Long-nosed bandicoot,NSW,Stapleton Reserve,18SKinet_Tk_164_JFTKC_ACTGAGCG-ACTGCATA,ERS6634097
Blood_Bl110_18Skineto_JG7NC_CTCTCTAC-TCGACTAG,Bl_110,Sample,Blood,18Skinet,110,JG7NC,LNB202,Long-nosed bandicoot,NSW,Stapleton Reserve,18SKinet_Bl_110_JG7NC_CTCTCTAC-TCGACTAG,ERS6633883
Tissue_Tis88_18Skineto_JG7NC_GTAGAGGA-TCTCTCCG,Tis_88,Sample,Tissue,18Skinet,88,JG7NC,LNB202,Long-nosed bandicoot,NSW,Stapleton Reserve,18SKinet_Tis_88_JG7NC_GTAGAGGA-TCTCTCCG,ERS6634066
Tick_Tk116_18Skineto_JCTYR_CCTAAGAC-CGTCTAAT,Tk_116,Sample,Tick,18Skinet,116,JCTYR,LNB203,Long-nosed bandicoot,NSW,Stapleton Reserve,18SKinet_Tk_116_JCTYR_CCTAAGAC-CGTCTAAT,ERS6634137
Tick_Tk117_18Skineto_JCTYR_CGATCAGT-CGTCTAAT,Tk_117,Sample,Tick,18Skinet,117,JCTYR,LNB203,Long-nosed bandicoot,NSW,Stapleton Reserve,18SKinet_Tk_117_JCTYR_CGATCAGT-CGTCTAAT,ERS6634138
Tissue_Tis80_18Skineto_JG7NC_CGTACTAG-TCTCTCCG,Tis_80,Sample,Tissue,18Skinet,80,JG7NC,LNB203,Long-nosed bandicoot,NSW,Stapleton Reserve,18SKinet_Tis_80_JG7NC_CGTACTAG-TCTCTCCG,ERS6634058
Tissue_Tis81_18Skineto_JG7NC_AGGCAGAA-TCTCTCCG,Tis_81,Sample,Tissue,18Skinet,81,JG7NC,LNB203,Long-nosed bandicoot,NSW,Stapleton Reserve,18SKinet_Tis_81_JG7NC_AGGCAGAA-TCTCTCCG,ERS6634059
Tick_Tk124_18Skineto_JCTYR_TACGCTGC-TCTCTCCG,Tk_124,Sample,Tick,18Skinet,124,JCTYR,LNB204,Long-nosed bandicoot,NSW,Stapleton Reserve,18SKinet_Tk_124_JCTYR_TACGCTGC-TCTCTCCG,ERS6634146
Tissue_Tis90_18Skineto_JG7NC_GTAGAGGA-CCTAGAGT,Tis_90,Sample,Tissue,18Skinet,90,JG7NC,LNB204,Long-nosed bandicoot,NSW,Stapleton Reserve,18SKinet_Tis_90_JG7NC_GTAGAGGA-CCTAGAGT,ERS6634068
Tick_Tk121_18Skineto_JCTYR_GGAGCTAC-TCTCTCCG,Tk_121,Sample,Tick,18Skinet,121,JCTYR,LNB207,Long-nosed bandicoot,NSW,Stapleton Reserve,18SKinet_Tk_121_JCTYR_GGAGCTAC-TCTCTCCG,ERS6634143
Tissue_Tis85_18Skineto_JG7NC_CTCTCTAC-TCTCTCCG,Tis_85,Sample,Tissue,18Skinet,85,JG7NC,LNB207,Long-nosed bandicoot,NSW,Stapleton Reserve,18SKinet_Tis_85_JG7NC_CTCTCTAC-TCTCTCCG,ERS6634063
18S_kinet_Tis_113_JFTKC_GGACTCCT-AAGGAGTA,Tis_113,Sample,Tissue,18Skinet,113,JFTKC,LNB306,Long-nosed bandicoot,NSW,Warriewood Wetlands,18SKinet_Tis_113_JFTKC_GGACTCCT-AAGGAGTA,ERS6633824
18S_kinet_Tis_120_JFTKC_GTAGAGGA-AAGGAGTA,Tis_120,Sample,Tissue,18Skinet,120,JFTKC,LNB306,Long-nosed bandicoot,NSW,Warriewood Wetlands,18SKinet_Tis_120_JFTKC_GTAGAGGA-AAGGAGTA,ERS6633831
18S_kinet_Bl_121_JFTKC_GCTACGCT-CTCTCTAT,Bl_121,Sample,Blood,18Skinet,121,JFTKC,LNB402a,Long-nosed bandicoot,NSW,Stapleton Reserve,18SKinet_Bl_121_JFTKC_GCTACGCT-CTCTCTAT,ERS6633775
18S_kinet_Bl_134_JFTKC_CGAGGCTG-TATCCTCT,Bl_134,Sample,Blood,18Skinet,134,JFTKC,LNB402b,Long-nosed bandicoot,NSW,Stapleton Reserve,18SKinet_Bl_134_JFTKC_CGAGGCTG-TATCCTCT,ERS6633787
18S_kinet_Tis_109_JFTKC_TAAGGCGA-AAGGAGTA,Tis_109,Sample,Tissue,18Skinet,109,JFTKC,LNB404,Long-nosed bandicoot,NSW,Stapleton Reserve,18SKinet_Tis_109_JFTKC_TAAGGCGA-AAGGAGTA,ERS6633820
18S_kinet_Tis_141_JFTKC_GCTACGCT-GCGTAAGA,Tis_141,Sample,Tissue,18Skinet,141,JFTKC,LNB405,Long-nosed bandicoot,NSW,Stapleton Reserve,18SKinet_Tis_141_JFTKC_GCTACGCT-GCGTAAGA,ERS6633835
18S_kinet_Bl_133_JFTKC_GCTACGCT-TATCCTCT,Bl_133,Sample,Blood,18Skinet,133,JFTKC,LNB406b,Long-nosed bandicoot,NSW,Stapleton Reserve,18SKinet_Bl_133_JFTKC_GCTACGCT-TATCCTCT,ERS6633786
18S_kinet_Tis_116_JFTKC_CAGAGAGG-AAGGAGTA,Tis_116,Sample,Tissue,18Skinet,116,JFTKC,LNB407,Long-nosed bandicoot,NSW,Stapleton Reserve,18SKinet_Tis_116_JFTKC_CAGAGAGG-AAGGAGTA,ERS6633827
18S_kinet_Bl_130_JFTKC_TAGGCATG-TATCCTCT,Bl_130,Sample,Blood,18Skinet,130,JFTKC,LNB408,Long-nosed bandicoot,NSW,Stapleton Reserve,18SKinet_Bl_130_JFTKC_TAGGCATG-TATCCTCT,ERS6633783
18S_kinet_Bl_143_JFTKC_CTCTCTAC-AGAGTAGA,Bl_143,Sample,Blood,18Skinet,143,JFTKC,LNB412,Long-nosed bandicoot,NSW,Dobroyd Head,18SKinet_Bl_143_JFTKC_CTCTCTAC-AGAGTAGA,ERS6633796
18S_kinet_Bl_138_JFTKC_CGTACTAG-AGAGTAGA,Bl_138,Sample,Blood,18Skinet,138,JFTKC,LNB413,Long-nosed bandicoot,NSW,Dobroyd Head,18SKinet_Bl_138_JFTKC_CGTACTAG-AGAGTAGA,ERS6633791
18S_kinet_Tis_106_JFTKC_CGAGGCTG-ACTGCATA,Tis_106,Sample,Tissue,18Skinet,106,JFTKC,LNB413,Long-nosed bandicoot,NSW,Dobroyd Head,18SKinet_Tis_106_JFTKC_CGAGGCTG-ACTGCATA,ERS6633817
18S_kinet_Bl_153_JFTKC_TCCTGAGC-GTAAGGAG,Bl_153,Sample,Blood,18Skinet,153,JFTKC,LNBKC1,Long-nosed bandicoot,NSW,Warriewood Wetlands,18SKinet_Bl_153_JFTKC_TCCTGAGC-GTAAGGAG,ERS6633805
18S_kinet_Tis_105_JFTKC_GCTACGCT-ACTGCATA,Tis_105,Sample,Tissue,18Skinet,105,JFTKC,LNBKC1,Long-nosed bandicoot,NSW,Warriewood Wetlands,18SKinet_Tis_105_JFTKC_GCTACGCT-ACTGCATA,ERS6633816
18S_kinet_Tis_146_JFTKC_TACGCTGC-CTCTCTAT,Tis_146,Sample,Tissue,18Skinet,146,JFTKC,LNBKC4,Long-nosed bandicoot,NSW,Warriewood Wetlands,18SKinet_Tis_146_JFTKC_TACGCTGC-CTCTCTAT,ERS6633840
18S_kinet_Tis_144_JFTKC_GCGTAGTA-CTCTCTAT,Tis_144,Sample,Tissue,18Skinet,144,JFTKC,LNBKC5,Long-nosed bandicoot,NSW,Warriewood Wetlands,18SKinet_Tis_144_JFTKC_GCGTAGTA-CTCTCTAT,ERS6633838
Tick_Tk63_18Skineto_JCTYR_GCGTAGTA-GTAAGGAG,Tk_63,Sample,Tick,18Skinet,63,JCTYR,LNBM6C,Long-nosed bandicoot,NSW,Warriewood Wetlands,18SKinet_Tk_63_JCTYR_GCGTAGTA-GTAAGGAG,ERS6634203
18S_kinet_Tis_173_JFRJB_GCTCATGA-TCGACTAG,Tis_173,Sample,Tissue,18Skinet,173,JFRJB,LNBNR4,Long-nosed bandicoot,NSW,Nareen Reserve,18SKinet_Tis_173_JFRJB_GCTCATGA-TCGACTAG,ERS6633866
18S_kinet_Tk_220_JFRJB_CGAGGCTG-CCTAGAGT,Tk_220,Sample,Tick,18Skinet,220,JFRJB,LNBNR4,Long-nosed bandicoot,NSW,Nareen Reserve,18SKinet_Tk_220_JFRJB_CGAGGCTG-CCTAGAGT,ERS6634116
18S_kinet_Bl_150_JFTKC_TAAGGCGA-GTAAGGAG,Bl_150,Sample,Blood,18Skinet,150,JFTKC,LNBNR5,Long-nosed bandicoot,NSW,Nareen Reserve,18SKinet_Bl_150_JFTKC_TAAGGCGA-GTAAGGAG,ERS6633802
18S_kinet_Tis_178_JFRJB_TCCTGAGC-TTCTAGCT,Tis_178,Sample,Tissue,18Skinet,178,JFRJB,LNBNR5,Long-nosed bandicoot,NSW,Nareen Reserve,18SKinet_Tis_178_JFRJB_TCCTGAGC-TTCTAGCT,ERS6633871
18S_kinet_Tk_224_JFRJB_ATCTCAGG-CCTAGAGT,Tk_224,Sample,Tick,18Skinet,224,JFRJB,LNBNR5,Long-nosed bandicoot,NSW,Nareen Reserve,18SKinet_Tk_224_JFRJB_ATCTCAGG-CCTAGAGT,ERS6634120
18S_kinet_Tis_159_JFTKC_GGAGCTAC-AGAGTAGA,Tis_159,Sample,Tissue,18Skinet,159,JFTKC,LNBTH2,Long-nosed bandicoot,NSW,Turimetta Headland,18SKinet_Tis_159_JFTKC_GGAGCTAC-AGAGTAGA,ERS6633853
18S_kinet_Tis_177_JFRJB_AGGCAGAA-TTCTAGCT,Tis_177,Sample,Tissue,18Skinet,177,JFRJB,LNBTH2,Long-nosed bandicoot,NSW,Turimetta Headland,18SKinet_Tis_177_JFRJB_AGGCAGAA-TTCTAGCT,ERS6633870
18S_kinet_Tk_223_JFRJB_GCTCATGA-CCTAGAGT,Tk_223,Sample,Tick,18Skinet,223,JFRJB,LNBTH2,Long-nosed bandicoot,NSW,Turimetta Headland,18SKinet_Tk_223_JFRJB_GCTCATGA-CCTAGAGT,ERS6634119
18S_kinet_Bl_157_JFTKC_CAGAGAGG-GTAAGGAG,Bl_157,Sample,Blood,18Skinet,157,JFTKC,LNBTH3,Long-nosed bandicoot,NSW,Turimetta Headland,18SKinet_Bl_157_JFTKC_CAGAGAGG-GTAAGGAG,ERS6633809
18S_kinet_Tis_171_JFRJB_AAGAGGCA-TCGACTAG,Tis_171,Sample,Tissue,18Skinet,171,JFRJB,LNBTH3,Long-nosed bandicoot,NSW,Turimetta Headland,18SKinet_Tis_171_JFRJB_AAGAGGCA-TCGACTAG,ERS6633864
18S_kinet_Tk_218_JFRJB_TAGGCATG-CCTAGAGT,Tk_218,Sample,Tick,18Skinet,218,JFRJB,LNBTH3,Long-nosed bandicoot,NSW,Turimetta Headland,18SKinet_Tk_218_JFRJB_TAGGCATG-CCTAGAGT,ERS6634114
18S_kinet_Bl_116_JFTKC_TCCTGAGC-CTCTCTAT,Bl_116,Sample,Blood,18Skinet,116,JFTKC,LNBTH7,Long-nosed bandicoot,NSW,Turimetta Headland,18SKinet_Bl_116_JFTKC_TCCTGAGC-CTCTCTAT,ERS6633770
18S_kinet_Tis_172_JFRJB_GTAGAGGA-TCGACTAG,Tis_172,Sample,Tissue,18Skinet,172,JFRJB,LNBTH7,Long-nosed bandicoot,NSW,Turimetta Headland,18SKinet_Tis_172_JFRJB_GTAGAGGA-TCGACTAG,ERS6633865
18S_kinet_Tk_219_JFRJB_CTCTCTAC-CCTAGAGT,Tk_219,Sample,Tick,18Skinet,219,JFRJB,LNBTH7,Long-nosed bandicoot,NSW,Turimetta Headland,18SKinet_Tk_219_JFRJB_CTCTCTAC-CCTAGAGT,ERS6634115
18S_kinet_indexNTC1_JFTKC_TAGCGCTC-CTAAGCCT,Tk_indexNTC1,ControlNeg,Tick,18Skinet,indexNTC1,JFTKC,NTC1,NTC,Control,Control,#N/A,#N/A
18S_kinet_NTC10_JFTKC_AAGAGGCA-GTAAGGAG,Bl_NTC10,ControlNeg,Blood,18Skinet,NTC10,JFTKC,NTC10,NTC,Control,Control,#N/A,#N/A
18S_kinet_NTC11_JFTKC_CTCTCTAC-ACTGCATA,Bl_NTC11,ControlNeg,Blood,18Skinet,NTC11,JFTKC,NTC11,NTC,Control,Control,#N/A,#N/A
18S_kinet_NTC12_JFTKC_CAGAGAGG-ACTGCATA,Bl_NTC12,ControlNeg,Blood,18Skinet,NTC12,JFTKC,NTC12,NTC,Control,Control,#N/A,#N/A
18S_kinet_NTC13_JFTKC_CGAGGCTG-GCGTAAGA,Bl_NTC13,ControlNeg,Blood,18Skinet,NTC13,JFTKC,NTC13,NTC,Control,Control,#N/A,#N/A
18S_kinet_NTC14_JFTKC_AAGAGGCA-GCGTAAGA,Bl_NTC14,ControlNeg,Blood,18Skinet,NTC14,JFTKC,NTC14,NTC,Control,Control,#N/A,#N/A
18S_kinet_NTC15_JFTKC_ATGCGCAG-AGAGTAGA,Bl_NTC15,ControlNeg,Blood,18Skinet,NTC15,JFTKC,NTC15,NTC,Control,Control,#N/A,#N/A
18S_kinet_NTC16_JFTKC_TAGCGCTC-AGAGTAGA,Bl_NTC16,ControlNeg,Blood,18Skinet,NTC16,JFTKC,NTC16,NTC,Control,Control,#N/A,#N/A
18S_kinet_NTC17_JFTKC_ACTGAGCG-AGAGTAGA,Bl_NTC17,ControlNeg,Blood,18Skinet,NTC17,JFTKC,NTC17,NTC,Control,Control,#N/A,#N/A
Blood_ntc17_18Skineto_JG7NC_TCGACGTC-GCGTAAGA,Bl_ntc17,ControlNeg,Blood,18Skinet,ntc17,JG7NC,ntc17,NTC,Control,Control,#N/A,#N/A
18S_kinet_NTC18_JFTKC_TACGCTGC-CTAAGCCT,Bl_NTC18,ControlNeg,Blood,18Skinet,NTC18,JFTKC,NTC18,NTC,Control,Control,#N/A,#N/A
Blood_ntc18_18Skineto_JG7NC_TCGACGTC-TTATGCGA,Bl_ntc18,ControlNeg,Blood,18Skinet,ntc18,JG7NC,ntc18,NTC,Control,Control,#N/A,#N/A
18S_kinet_NTC19_JFTKC_ACTCGCTA-GCGTAAGA,Bl_NTC19,ControlNeg,Blood,18Skinet,NTC19,JFTKC,NTC19,NTC,Control,Control,#N/A,#N/A
Tissue_ntc19_18Skineto_JG7NC_ATCTCAGG-ACTGCATA,Tis_ntc19,ControlNeg,Tissue,18Skinet,ntc19,JG7NC,ntc19,NTC,Control,Control,#N/A,#N/A
18S_kinet_indexNTC2_JFTKC_ACTGAGCG-CTAAGCCT,Tk_indexNTC2,ControlNeg,Tick,18Skinet,indexNTC2,JFTKC,NTC2,NTC,Control,Control,#N/A,#N/A
18S_kinet_NTC20_JFTKC_GCGTAGTA-GCGTAAGA,Bl_NTC20,ControlNeg,Blood,18Skinet,NTC20,JFTKC,NTC20,NTC,Control,Control,#N/A,#N/A
Tissue_ntc20_18Skineto_JG7NC_ATCTCAGG-TCTCTCCG,Tis_ntc20,ControlNeg,Tissue,18Skinet,ntc20,JG7NC,ntc20,NTC,Control,Control,#N/A,#N/A
18S_kinet_NTC21_JFTKC_CGGAGCCT-GCGTAAGA,Bl_NTC21,ControlNeg,Blood,18Skinet,NTC21,JFTKC,NTC21,NTC,Control,Control,#N/A,#N/A
Tissue_ntc21_18Skineto_JG7NC_CTCTCTAC-CCTAGAGT,Tis_ntc21,ControlNeg,Tissue,18Skinet,ntc21,JG7NC,ntc21,NTC,Control,Control,#N/A,#N/A
18S_kinet_NTC22_JFTKC_TACGCTGC-GCGTAAGA,Bl_NTC22,ControlNeg,Blood,18Skinet,NTC22,JFTKC,NTC22,NTC,Control,Control,#N/A,#N/A
Tissue_ntc22_18Skineto_JG7NC_CGAGGCTG-CCTAGAGT,Tis_ntc22,ControlNeg,Tissue,18Skinet,ntc22,JG7NC,ntc22,NTC,Control,Control,#N/A,#N/A
18S_kinet_NTC23_JFTKC_ATGCGCAG-GCGTAAGA,Bl_NTC23,ControlNeg,Blood,18Skinet,NTC23,JFTKC,NTC23,NTC,Control,Control,#N/A,#N/A
Tissue_ntc23_18Skineto_JG7NC_TCCTGAGC-GCGTAAGA,Tis_ntc23,ControlNeg,Tissue,18Skinet,ntc23,JG7NC,ntc23,NTC,Control,Control,#N/A,#N/A
18S_kinet_NTC24_JFRJB_TAGGCATG-TTCTAGCT,Bl_NTC24,ControlNeg,Blood,18Skinet,NTC24,JFRJB,NTC24,NTC,Control,Control,#N/A,#N/A
Blood_ntc24_18Skineto_JG7NC_CGTACTAG-CTATTAAG,Bl_ntc24,ControlNeg,Blood,18Skinet,ntc24,JG7NC,ntc24,NTC,Control,Control,#N/A,#N/A
18S_kinet_NTC25_JFRJB_AAGAGGCA-TTCTAGCT,Bl_NTC25,ControlNeg,Blood,18Skinet,NTC25,JFRJB,NTC25,NTC,Control,Control,#N/A,#N/A
Blood_ntc25_18Skineto_JG7NC_AGGCAGAA-CTATTAAG,Bl_ntc25,ControlNeg,Blood,18Skinet,ntc25,JG7NC,ntc25,NTC,Control,Control,#N/A,#N/A
18S_kinet_NTC26_JFRJB_GTAGAGGA-TTCTAGCT,Bl_NTC26,ControlNeg,Blood,18Skinet,NTC26,JFRJB,NTC26,NTC,Control,Control,#N/A,#N/A
18S_kinet_NTC27_JFRJB_GCTCATGA-TTCTAGCT,Bl_NTC27,ControlNeg,Blood,18Skinet,NTC27,JFRJB,NTC27,NTC,Control,Control,#N/A,#N/A
18S_kinet_NTC28_JFRJB_ATCTCAGG-TTCTAGCT,Bl_NTC28,ControlNeg,Blood,18Skinet,NTC28,JFRJB,NTC28,NTC,Control,Control,#N/A,#N/A
Blood_ntc28_18Skineto_JCTYR_TAGGCATG-TTATGCGA,Bl_ntc28,ControlNeg,Blood,18Skinet,ntc28,JCTYR,ntc28,NTC,Control,Control,#N/A,#N/A
Tick_ntc29_18Skineto_JCTYR_TCGACGTC-ACTGCATA,Tk_ntc29,ControlNeg,Tick,18Skinet,ntc29,JCTYR,ntc29,NTC,Control,Control,#N/A,#N/A
Tick_ntc30_18Skineto_JCTYR_CCTAAGAC-TCTCTCCG,Tk_ntc30,ControlNeg,Tick,18Skinet,ntc30,JCTYR,ntc30,NTC,Control,Control,#N/A,#N/A
Tick_ntc31_18Skineto_JCTYR_CGATCAGT-TCTCTCCG,Tk_ntc31,ControlNeg,Tick,18Skinet,ntc31,JCTYR,ntc31,NTC,Control,Control,#N/A,#N/A
Tick_ntc32_18Skineto_JCTYR_TGCAGCTA-TCTCTCCG,Tk_ntc32,ControlNeg,Tick,18Skinet,ntc32,JCTYR,ntc32,NTC,Control,Control,#N/A,#N/A
18S_kinet_NTC9_JFTKC_CGAGGCTG-GTAAGGAG,Bl_NTC9,ControlNeg,Blood,18Skinet,NTC9,JFTKC,NTC9,NTC,Control,Control,#N/A,#N/A
18S_kinet_Lmac1_JFTKC_GTAGAGGA-GCGTAAGA,Bl_Lmac1,ControlPos,Blood,18Skinet,Lmac1,JFTKC,Positive control,L. macro,Control,Control,#N/A,#N/A
18S_kinet_Lmac2_JFRJB_CTCTCTAC-TTCTAGCT,Bl_Lmac2,ControlPos,Blood,18Skinet,Lmac2,JFRJB,Positive control,L. macro,Control,Control,#N/A,#N/A
18S_kinet_Tteix1_JFTKC_GTAGAGGA-GTAAGGAG,Tk_Tteix1,ControlPos,Tick,18Skinet,Tteix1,JFTKC,Positive control,T. teix,Control,Control,#N/A,#N/A
18S_kinet_Tteix2_JFTKC_ATGCGCAG-CTAAGCCT,Tk_Tteix2,ControlPos,Tick,18Skinet,Tteix2,JFTKC,Positive control,T. teix,Control,Control,#N/A,#N/A
18S_kinet_Tteix3_JFRJB_CGAGGCTG-TTCTAGCT,Tk_Tteix3,ControlPos,Tick,18Skinet,Tteix3,JFRJB,Positive control,T. teix,Control,Control,#N/A,#N/A
Blood_33181_Linfantum_18Skineto_JCTYR_CTCTCTAC-TTATGCGA,Bl_Linfantum33181,ControlPos,Blood,18Skinet,Linfantum33181,JCTYR,Positive control,L. macro,Control,Control,#N/A,#N/A
Blood_FNP168_18Skineto_JCTYR_CGTACTAG-TTATGCGA,Bl_FNP168,ControlPos,Blood,18Skinet,FNP168,JCTYR,Positive control,T. cyclops,Control,Control,#N/A,#N/A
Blood_Lmacrob_18Skinto_JCTYR_CGAGGCTG-TTATGCGA,Bl_Lmacrob,ControlPos,Blood,18Skinet,Lmacrob,JCTYR,Positive control,L. macro,Control,Control,#N/A,#N/A
Blood_PB76a_18Skineto_JG7NC_TGCAGCTA-GCGTAAGA,Bl_PB76a,ControlPos,Blood,18Skinet,PB76a,JG7NC,Positive control,T. binn,Control,Control,#N/A,#N/A
Blood_PB76c_18Skineto_JCTYR_AGGCAGAA-TTATGCGA,Bl_PB76c,ControlPos,Blood,18Skinet,PB76c,JCTYR,Positive control,T. binn,Control,Control,#N/A,#N/A
Blood_Tcruzi_18Skineto_JCTYR_TCCTGAGC-TTATGCGA,Bl_Tcruzi,ControlPos,Blood,18Skinet,Tcruzi,JCTYR,Positive control,T. cruzi,Control,Control,#N/A,#N/A
Blood_Tteixa_18Skineto_JG7NC_CGATCAGT-GCGTAAGA,Bl_Tteixa,ControlPos,Blood,18Skinet,Tteixa,JG7NC,Positive control,T. teix,Control,Control,#N/A,#N/A
Blood_Tteixc_18Skineto_JCTYR_CGAGGCTG-GAGCCTTA,Bl_Tteixc,ControlPos,Blood,18Skinet,Tteixc,JCTYR,Positive control,T. teix,Control,Control,#N/A,#N/A
Blood_Tteixd_18Skineto_JCTYR_GGACTCCT-TTATGCGA,Bl_Tteixd,ControlPos,Blood,18Skinet,Tteixd,JCTYR,Positive control,T. teix,Control,Control,#N/A,#N/A
Blood_WPP604_18Skineto_JCTYR_TAAGGCGA-TTATGCGA,Bl_WPP604,ControlPos,Blood,18Skinet,WPP604,JCTYR,Positive control,T. cyclops,Control,Control,#N/A,#N/A
Tick_Tteixe_18Skineto_JCTYR_TCGACGTC-TCTCTCCG,Tk_Tteixe,ControlPos,Tick,18Skinet,Tteixe,JCTYR,Positive control,T. teix,Control,Control,#N/A,#N/A
Tissue_PB76b_18Skineto_JG7NC_GCTCATGA-TCTCTCCG,Tis_PB76b,ControlPos,Tissue,18Skinet,PB76b,JG7NC,Positive control,T. binn,Control,Control,#N/A,#N/A
Tissue_Tteixb_18Skineto_JG7NC_GCTCATGA-ACTGCATA,Tis_Tteixb,ControlPos,Tissue,18Skinet,Tteixb,JG7NC,Positive control,T. teix,Control,Control,#N/A,#N/A
Blood_BlQ001M_18Skineto_JG7NC_AAGAGGCA-GCGTAAGA,Bl_Q001M,Sample,Blood,18Skinet,Q001M,JG7NC,QUE001,Quenda,WA,Whiteman Park,18SKinet_Bl_Q001M_JG7NC_AAGAGGCA-GCGTAAGA,ERS6633980
Blood_BlQ001Q_18Skineto_JG7NC_GGACTCCT-GCGTAAGA,Bl_Q001Q,Sample,Blood,18Skinet,Q001Q,JG7NC,QUE001,Quenda,WA,Whiteman Park,18SKinet_Bl_Q001Q_JG7NC_GGACTCCT-GCGTAAGA,ERS6633981
Tick_Tk133_18Skineto_JCTYR_ATGCGCAG-TCGACTAG,Tk_133,Sample,Tick,18Skinet,133,JCTYR,QUE001,Quenda,WA,Whiteman Park,18SKinet_Tk_133_JCTYR_ATGCGCAG-TCGACTAG,ERS6634153
Tick_Tk134_18Skineto_JCTYR_ACTCGCTA-TTCTAGCT,Tk_134,Sample,Tick,18Skinet,134,JCTYR,RAB016,Rabbit,NSW,North Head,18SKinet_Tk_134_JCTYR_ACTCGCTA-TTCTAGCT,ERS6634154
Tick_Tk135_18Skineto_JCTYR_GGAGCTAC-TTCTAGCT,Tk_135,Sample,Tick,18Skinet,135,JCTYR,RAB016,Rabbit,NSW,North Head,18SKinet_Tk_135_JCTYR_GGAGCTAC-TTCTAGCT,ERS6634155
Tissue_Tis97_18Skineto_JG7NC_GCTCATGA-TCGACTAG,Tis_97,Sample,Tissue,18Skinet,97,JG7NC,RAB016,Rabbit,NSW,North Head,18SKinet_Tis_97_JG7NC_GCTCATGA-TCGACTAG,ERS6634075
Tick_Tk136_18Skineto_JCTYR_GCGTAGTA-TTCTAGCT,Tk_136,Sample,Tick,18Skinet,136,JCTYR,RAB024,Rabbit,NSW,North Head,18SKinet_Tk_136_JCTYR_GCGTAGTA-TTCTAGCT,ERS6634156
Tick_Tk137_18Skineto_JCTYR_CGGAGCCT-TTCTAGCT,Tk_137,Sample,Tick,18Skinet,137,JCTYR,RAB024,Rabbit,NSW,North Head,18SKinet_Tk_137_JCTYR_CGGAGCCT-TTCTAGCT,ERS6634157
Tick_Tk138_18Skineto_JCTYR_TACGCTGC-TTCTAGCT,Tk_138,Sample,Tick,18Skinet,138,JCTYR,RAB024,Rabbit,NSW,North Head,18SKinet_Tk_138_JCTYR_TACGCTGC-TTCTAGCT,ERS6634158
Tissue_Tis98_18Skineto_JG7NC_ATCTCAGG-TCGACTAG,Tis_98,Sample,Tissue,18Skinet,98,JG7NC,RAB024,Rabbit,NSW,North Head,18SKinet_Tis_98_JG7NC_ATCTCAGG-TCGACTAG,ERS6634076
Tick_Tk139_18Skineto_JCTYR_ATGCGCAG-TTCTAGCT,Tk_139,Sample,Tick,18Skinet,139,JCTYR,RAB030,Rabbit,NSW,North Head,18SKinet_Tk_139_JCTYR_ATGCGCAG-TTCTAGCT,ERS6634159
Tick_Tk140_18Skineto_JCTYR_ACTCGCTA-CCTAGAGT,Tk_140,Sample,Tick,18Skinet,140,JCTYR,RAB030,Rabbit,NSW,North Head,18SKinet_Tk_140_JCTYR_ACTCGCTA-CCTAGAGT,ERS6634160
Tissue_Tis99_18Skineto_JG7NC_TAAGGCGA-CCTAGAGT,Tis_99,Sample,Tissue,18Skinet,99,JG7NC,RAB030,Rabbit,NSW,North Head,18SKinet_Tis_99_JG7NC_TAAGGCGA-CCTAGAGT,ERS6634077
Tick_Tk143_18Skineto_JCTYR_CGGAGCCT-CCTAGAGT,Tk_143,Sample,Tick,18Skinet,143,JCTYR,RAB033,Rabbit,NSW,North Head,18SKinet_Tk_143_JCTYR_CGGAGCCT-CCTAGAGT,ERS6634161
Tick_Tk144_18Skineto_JCTYR_TACGCTGC-CCTAGAGT,Tk_144,Sample,Tick,18Skinet,144,JCTYR,RAB033,Rabbit,NSW,North Head,18SKinet_Tk_144_JCTYR_TACGCTGC-CCTAGAGT,ERS6634162
Tissue_Tis100_18Skineto_JG7NC_CGTACTAG-CCTAGAGT,Tis_100,Sample,Tissue,18Skinet,100,JG7NC,RAB033,Rabbit,NSW,North Head,18SKinet_Tis_100_JG7NC_CGTACTAG-CCTAGAGT,ERS6633982
18S_kinet_Tk_149_JFTKC_ACTCGCTA-GTAAGGAG,Tk_149,Sample,Tick,18Skinet,149,JFTKC,RAB036,Rabbit,NSW,North Head,18SKinet_Tk_149_JFTKC_ACTCGCTA-GTAAGGAG,ERS6634083
Tissue_Tis101_18Skineto_JG7NC_AGGCAGAA-CCTAGAGT,Tis_101,Sample,Tissue,18Skinet,101,JG7NC,RAB036,Rabbit,NSW,North Head,18SKinet_Tis_101_JG7NC_AGGCAGAA-CCTAGAGT,ERS6633983
18S_kinet_Tk_150_JFTKC_GGAGCTAC-GTAAGGAG,Tk_150,Sample,Tick,18Skinet,150,JFTKC,RAB040,Rabbit,NSW,North Head,18SKinet_Tk_150_JFTKC_GGAGCTAC-GTAAGGAG,ERS6634084
18S_kinet_Tk_151_JFTKC_GCGTAGTA-GTAAGGAG,Tk_151,Sample,Tick,18Skinet,151,JFTKC,RAB040,Rabbit,NSW,North Head,18SKinet_Tk_151_JFTKC_GCGTAGTA-GTAAGGAG,ERS6634085
Tissue_Tis102_18Skineto_JG7NC_TCCTGAGC-CCTAGAGT,Tis_102,Sample,Tissue,18Skinet,102,JG7NC,RAB040,Rabbit,NSW,North Head,18SKinet_Tis_102_JG7NC_TCCTGAGC-CCTAGAGT,ERS6633984
18S_kinet_Tk_152_JFTKC_CGGAGCCT-GTAAGGAG,Tk_152,Sample,Tick,18Skinet,152,JFTKC,RAB041,Rabbit,NSW,North Head,18SKinet_Tk_152_JFTKC_CGGAGCCT-GTAAGGAG,ERS6634086
18S_kinet_Tk_153_JFTKC_TACGCTGC-GTAAGGAG,Tk_153,Sample,Tick,18Skinet,153,JFTKC,RAB041,Rabbit,NSW,North Head,18SKinet_Tk_153_JFTKC_TACGCTGC-GTAAGGAG,ERS6634087
18S_kinet_Tk_154_JFTKC_ATGCGCAG-GTAAGGAG,Tk_154,Sample,Tick,18Skinet,154,JFTKC,RAB041,Rabbit,NSW,North Head,18SKinet_Tk_154_JFTKC_ATGCGCAG-GTAAGGAG,ERS6634088
Tissue_Tis103_18Skineto_JG7NC_GGACTCCT-CCTAGAGT,Tis_103,Sample,Tissue,18Skinet,103,JG7NC,RAB041,Rabbit,NSW,North Head,18SKinet_Tis_103_JG7NC_GGACTCCT-CCTAGAGT,ERS6633985
Tissue_TisSC009_18Skineto_JG7NC_CGTACTAG-ACTGCATA,Tis_SC009,Sample,Tissue,18Skinet,SC009,JG7NC,SC009,Deer,QLD,Sunshine Coast,18SKinet_Tis_SC009_JG7NC_CGTACTAG-ACTGCATA,ERS6634079
Tissue_Tis61_18Skineto_JG7NC_CTCTCTAC-CTAAGCCT,Tis_61,Sample,Tissue,18Skinet,61a,JG7NC,SC009,Deer,QLD,Sunshine Coast,18SKinet_Tis_61_JG7NC_CTCTCTAC-CTAAGCCT,ERS6634039
Tissue_TisSC010_18Skineto_JG7NC_TAAGGCGA-ACTGCATA,Tis_SC010,Sample,Tissue,18Skinet,SC010,JG7NC,SC010,Deer,QLD,Sunshine Coast,18SKinet_Tis_SC010_JG7NC_TAAGGCGA-ACTGCATA,ERS6634080
Tissue_Tis62_18Skineto_JG7NC_CGAGGCTG-CTAAGCCT,Tis_62,Sample,Tissue,18Skinet,62a,JG7NC,SC010,Deer,QLD,Sunshine Coast,18SKinet_Tis_62_JG7NC_CGAGGCTG-CTAAGCCT,ERS6634040
Tissue_TisSC011_18Skineto_JG7NC_AGGCAGAA-ACTGCATA,Tis_SC011,Sample,Tissue,18Skinet,SC011,JG7NC,SC011,Deer,QLD,Sunshine Coast,18SKinet_Tis_SC011_JG7NC_AGGCAGAA-ACTGCATA,ERS6634081
Tissue_Tis63_18Skineto_JG7NC_AAGAGGCA-CTAAGCCT,Tis_63,Sample,Tissue,18Skinet,63a,JG7NC,SC011,Deer,QLD,Sunshine Coast,18SKinet_Tis_63_JG7NC_AAGAGGCA-CTAAGCCT,ERS6634041
Tissue_TisSCexb_18Skineto_JG7NC_TCCTGAGC-ACTGCATA,Tis_SCexb,ControlNeg,Tissue,18Skinet,SCexb,JG7NC,Scexb,EXB,Control,Control,#N/A,#N/A
18S_kinet_Bl_115_JFTKC_AGGCAGAA-CTCTCTAT,Bl_115,Sample,Blood,18Skinet,115,JFTKC,SWRNR3,Swamp rat,NSW,Nareen Reserve,18SKinet_Bl_115_JFTKC_AGGCAGAA-CTCTCTAT,ERS6633769
18S_kinet_Tis_143_JFTKC_GGAGCTAC-CTCTCTAT,Tis_143,Sample,Tissue,18Skinet,143,JFTKC,SWR311,Swamp rat,NSW,Warriewood Wetlands,18SKinet_Tis_143_JFTKC_GGAGCTAC-CTCTCTAT,ERS6633837